#ifndef WATCH_FONT_DATA_H
#define WATCH_FONT_DATA_H

#include <stddef.h>

static const unsigned char WATCH_FONT_DATA[] = {
    0x4f, 0x54, 0x54, 0x4f, 0x00, 0x0f, 0x00, 0x80, 0x00, 0x03, 0x00, 0x70, 
    0x43, 0x46, 0x46, 0x20, 0xab, 0x7c, 0xf2, 0xc0, 0x00, 0x00, 0x09, 0xec, 
    0x00, 0x00, 0x3d, 0xcb, 0x44, 0x53, 0x49, 0x47, 0x00, 0x00, 0x00, 0x01, 
    0x00, 0x00, 0x74, 0x30, 0x00, 0x00, 0x00, 0x08, 0x47, 0x44, 0x45, 0x46, 
    0x26, 0x22, 0x25, 0x68, 0x00, 0x00, 0x47, 0xb8, 0x00, 0x00, 0x00, 0xf8, 
    0x47, 0x50, 0x4f, 0x53, 0x06, 0x14, 0xbc, 0x94, 0x00, 0x00, 0x48, 0xb0, 
    0x00, 0x00, 0x20, 0xca, 0x47, 0x53, 0x55, 0x42, 0xcd, 0xbe, 0xef, 0x67, 
    0x00, 0x00, 0x69, 0x7c, 0x00, 0x00, 0x04, 0xde, 0x4f, 0x53, 0x2f, 0x32, 
    0x81, 0x9c, 0x20, 0xc0, 0x00, 0x00, 0x01, 0x60, 0x00, 0x00, 0x00, 0x60, 
    0x63, 0x6d, 0x61, 0x70, 0x30, 0x5e, 0x20, 0x52, 0x00, 0x00, 0x06, 0x3c, 
    0x00, 0x00, 0x03, 0x8e, 0x67, 0x61, 0x73, 0x70, 0x00, 0x00, 0x00, 0x10, 
    0x00, 0x00, 0x6e, 0x5c, 0x00, 0x00, 0x00, 0x08, 0x68, 0x65, 0x61, 0x64, 
    0x1d, 0x05, 0xf9, 0xa6, 0x00, 0x00, 0x00, 0xfc, 0x00, 0x00, 0x00, 0x36, 
    0x68, 0x68, 0x65, 0x61, 0x08, 0x89, 0x04, 0x36, 0x00, 0x00, 0x01, 0x34, 
    0x00, 0x00, 0x00, 0x24, 0x68, 0x6d, 0x74, 0x78, 0xc6, 0xdd, 0x3d, 0xb1, 
    0x00, 0x00, 0x6e, 0x64, 0x00, 0x00, 0x05, 0xc2, 0x6d, 0x61, 0x78, 0x70, 
    0x01, 0x71, 0x50, 0x00, 0x00, 0x00, 0x01, 0x58, 0x00, 0x00, 0x00, 0x06, 
    0x6e, 0x61, 0x6d, 0x65, 0x6c, 0xa2, 0x90, 0xf3, 0x00, 0x00, 0x01, 0xc0, 
    0x00, 0x00, 0x04, 0x7a, 0x70, 0x6f, 0x73, 0x74, 0xff, 0xb5, 0x00, 0x39, 
    0x00, 0x00, 0x09, 0xcc, 0x00, 0x00, 0x00, 0x20, 0x70, 0x72, 0x65, 0x70, 
    0x68, 0x06, 0x8c, 0x85, 0x00, 0x00, 0x74, 0x28, 0x00, 0x00, 0x00, 0x07, 
    0x00, 0x01, 0x00, 0x00, 0x00, 0x01, 0x01, 0x89, 0xc1, 0x72, 0x33, 0x65, 
    0x5f, 0x0f, 0x3c, 0xf5, 0x00, 0x03, 0x03, 0xe8, 0x00, 0x00, 0x00, 0x00, 
    0xdc, 0x6d, 0xcf, 0x35, 0x00, 0x00, 0x00, 0x00, 0xdc, 0xb0, 0xe5, 0x87, 
    0xff, 0xc6, 0xff, 0x06, 0x05, 0x0a, 0x03, 0x78, 0x00, 0x00, 0x00, 0x06, 
    0x00, 0x02, 0x00, 0x00, 0x00, 0x00, 0x00, 0x00, 0x00, 0x01, 0x00, 0x00, 
    0x03, 0xb6, 0xfe, 0xde, 0x00, 0x00, 0x05, 0x30, 0xff, 0xc6, 0xfe, 0xb7, 
    0x05, 0x0a, 0x00, 0x01, 0x00, 0x00, 0x00, 0x00, 0x00, 0x00, 0x00, 0x00, 
    0x00, 0x00, 0x00, 0x00, 0x00, 0x00, 0x01, 0x70, 0x00, 0x00, 0x50, 0x00, 
    0x01, 0x71, 0x00, 0x00, 0x00, 0x04, 0x02, 0x16, 0x01, 0x90, 0x00, 0x05, 
    0x00, 0x00, 0x02, 0x8a, 0x02, 0xbb, 0x00, 0x00, 0x00, 0x8c, 0x02, 0x8a, 
    0x02, 0xbb, 0x00, 0x00, 0x01, 0xdf, 0x00, 0x31, 0x01, 0x02, 0x00, 0x00, 
    0x00, 0x00, 0x00, 0x00, 0x00, 0x00, 0x00, 0x00, 0x00, 0x00, 0x80, 0x00, 
    0x00, 0xef, 0x00, 0x00, 0x20, 0x4b, 0x00, 0x00, 0x00, 0x00, 0x00, 0x00, 
    0x00, 0x00, 0x4e, 0x4f, 0x4e, 0x45, 0x00, 0xc0, 0x00, 0x0d, 0x25, 0xca, 
    0x03, 0xb6, 0xfe, 0xde, 0x00, 0x00, 0x03, 0xb6, 0x01, 0x22, 0x20, 0x00, 
    0x00, 0x03, 0x00, 0x00, 0x00, 0x00, 0x01, 0xf0, 0x02, 0x9c, 0x00, 0x00, 
    0x00, 0x20, 0x00, 0x03, 0x00, 0x00, 0x00, 0x0d, 0x00, 0xa2, 0x00, 0x03, 
    0x00, 0x01, 0x04, 0x09, 0x00, 0x00, 0x00, 0x62, 0x00, 0x00, 0x00, 0x03, 
    0x00, 0x01, 0x04, 0x09, 0x00, 0x01, 0x00, 0x2a, 0x00, 0x62, 0x00, 0x03, 
    0x00, 0x01, 0x04, 0x09, 0x00, 0x02, 0x00, 0x0e, 0x00, 0x8c, 0x00, 0x03, 
    0x00, 0x01, 0x04, 0x09, 0x00, 0x03, 0x00, 0x4e, 0x00, 0x9a, 0x00, 0x03, 
    0x00, 0x01, 0x04, 0x09, 0x00, 0x04, 0x00, 0x3a, 0x00, 0xe8, 0x00, 0x03, 
    0x00, 0x01, 0x04, 0x09, 0x00, 0x05, 0x00, 0x1a, 0x01, 0x22, 0x00, 0x03, 
    0x00, 0x01, 0x04, 0x09, 0x00, 0x06, 0x00, 0x38, 0x01, 0x3c, 0x00, 0x03, 
    0x00, 0x01, 0x04, 0x09, 0x00, 0x08, 0x00, 0x22, 0x01, 0x74, 0x00, 0x03, 
    0x00, 0x01, 0x04, 0x09, 0x00, 0x09, 0x00, 0x7a, 0x01, 0x96, 0x00, 0x03, 
    0x00, 0x01, 0x04, 0x09, 0x00, 0x0b, 0x00, 0x42, 0x02, 0x10, 0x00, 0x03, 
    0x00, 0x01, 0x04, 0x09, 0x00, 0x0c, 0x00, 0x2e, 0x02, 0x52, 0x00, 0x03, 
    0x00, 0x01, 0x04, 0x09, 0x00, 0x0d, 0x01, 0x22, 0x02, 0x80, 0x00, 0x03, 
    0x00, 0x01, 0x04, 0x09, 0x00, 0x0e, 0x00, 0x36, 0x03, 0xa2, 0x00, 0x43, 
    0x00, 0x6f, 0x00, 0x70, 0x00, 0x79, 0x00, 0x72, 0x00, 0x69, 0x00, 0x67, 
    0x00, 0x68, 0x00, 0x74, 0x00, 0x20, 0x00, 0x32, 0x00, 0x30, 0x00, 0x32, 
    0x00, 0x30, 0x00, 0x20, 0x00, 0x42, 0x00, 0x72, 0x00, 0x61, 0x00, 0x69, 
    0x00, 0x6c, 0x00, 0x6c, 0x00, 0x65, 0x00, 0x20, 0x00, 0x49, 0x00, 0x6e, 
    0x00, 0x73, 0x00, 0x74, 0x00, 0x69, 0x00, 0x74, 0x00, 0x75, 0x00, 0x74, 
    0x00, 0x65, 0x00, 0x20, 0x00, 0x6f, 0x00, 0x66, 0x00, 0x20, 0x00, 0x41, 
    0x00, 0x6d, 0x00, 0x65, 0x00, 0x72, 0x00, 0x69, 0x00, 0x63, 0x00, 0x61, 
    0x00, 0x2c, 0x00, 0x20, 0x00, 0x49, 0x00, 0x6e, 0x00, 0x63, 0x00, 0x2e, 
    0x00, 0x41, 0x00, 0x74, 0x00, 0x6b, 0x00, 0x69, 0x00, 0x6e, 0x00, 0x73, 
    0x00, 0x6f, 0x00, 0x6e, 0x00, 0x20, 0x00, 0x48, 0x00, 0x79, 0x00, 0x70, 
    0x00, 0x65, 0x00, 0x72, 0x00, 0x6c, 0x00, 0x65, 0x00, 0x67, 0x00, 0x69, 
    0x00, 0x62, 0x00, 0x6c, 0x00, 0x65, 0x00, 0x52, 0x00, 0x65, 0x00, 0x67, 
    0x00, 0x75, 0x00, 0x6c, 0x00, 0x61, 0x00, 0x72, 0x00, 0x31, 0x00, 0x2e, 
    0x00, 0x30, 0x00, 0x30, 0x00, 0x36, 0x00, 0x3b, 0x00, 0x4e, 0x00, 0x4f, 
    0x00, 0x4e, 0x00, 0x45, 0x00, 0x3b, 0x00, 0x41, 0x00, 0x74, 0x00, 0x6b, 
    0x00, 0x69, 0x00, 0x6e, 0x00, 0x73, 0x00, 0x6f, 0x00, 0x6e, 0x00, 0x48, 
    0x00, 0x79, 0x00, 0x70, 0x00, 0x65, 0x00, 0x72, 0x00, 0x6c, 0x00, 0x65, 
    0x00, 0x67, 0x00, 0x69, 0x00, 0x62, 0x00, 0x6c, 0x00, 0x65, 0x00, 0x2d, 
    0x00, 0x52, 0x00, 0x65, 0x00, 0x67, 0x00, 0x75, 0x00, 0x6c, 0x00, 0x61, 
    0x00, 0x72, 0x00, 0x41, 0x00, 0x74, 0x00, 0x6b, 0x00, 0x69, 0x00, 0x6e, 
    0x00, 0x73, 0x00, 0x6f, 0x00, 0x6e, 0x00, 0x20, 0x00, 0x48, 0x00, 0x79, 
    0x00, 0x70, 0x00, 0x65, 0x00, 0x72, 0x00, 0x6c, 0x00, 0x65, 0x00, 0x67, 
    0x00, 0x69, 0x00, 0x62, 0x00, 0x6c, 0x00, 0x65, 0x00, 0x20, 0x00, 0x52, 
    0x00, 0x65, 0x00, 0x67, 0x00, 0x75, 0x00, 0x6c, 0x00, 0x61, 0x00, 0x72, 
    0x00, 0x56, 0x00, 0x65, 0x00, 0x72, 0x00, 0x73, 0x00, 0x69, 0x00, 0x6f, 
    0x00, 0x6e, 0x00, 0x20, 0x00, 0x31, 0x00, 0x2e, 0x00, 0x30, 0x00, 0x30, 
    0x00, 0x36, 0x00, 0x41, 0x00, 0x74, 0x00, 0x6b, 0x00, 0x69, 0x00, 0x6e, 
    0x00, 0x73, 0x00, 0x6f, 0x00, 0x6e, 0x00, 0x48, 0x00, 0x79, 0x00, 0x70, 
    0x00, 0x65, 0x00, 0x72, 0x00, 0x6c, 0x00, 0x65, 0x00, 0x67, 0x00, 0x69, 
    0x00, 0x62, 0x00, 0x6c, 0x00, 0x65, 0x00, 0x2d, 0x00, 0x52, 0x00, 0x65, 
    0x00, 0x67, 0x00, 0x75, 0x00, 0x6c, 0x00, 0x61, 0x00, 0x72, 0x00, 0x42, 
    0x00, 0x72, 0x00, 0x61, 0x00, 0x69, 0x00, 0x6c, 0x00, 0x6c, 0x00, 0x65, 
    0x00, 0x20, 0x00, 0x49, 0x00, 0x6e, 0x00, 0x73, 0x00, 0x74, 0x00, 0x69, 
    0x00, 0x74, 0x00, 0x75, 0x00, 0x74, 0x00, 0x65, 0x00, 0x45, 0x00, 0x6c, 
    0x00, 0x6c, 0x00, 0x69, 0x00, 0x6f, 0x00, 0x74, 0x00, 0x74, 0x00, 0x20, 
    0x00, 0x53, 0x00, 0x63, 0x00, 0x6f, 0x00, 0x74, 0x00, 0x74, 0x00, 0x2c, 
    0x00, 0x20, 0x00, 0x4d, 0x00, 0x65, 0x00, 0x67, 0x00, 0x61, 0x00, 0x6e, 
    0x00, 0x20, 0x00, 0x45, 0x00, 0x69, 0x00, 0x73, 0x00, 0x77, 0x00, 0x65, 
    0x00, 0x72, 0x00, 0x74, 0x00, 0x68, 0x00, 0x2c, 0x00, 0x20, 0x00, 0x4c, 
    0x00, 0x69, 0x00, 0x6e, 0x00, 0x75, 0x00, 0x73, 0x00, 0x20, 0x00, 0x42, 
    0x00, 0x6f, 0x00, 0x6d, 0x00, 0x61, 0x00, 0x6e, 0x00, 0x2c, 0x00, 0x20, 
    0x00, 0x54, 0x00, 0x68, 0x00, 0x65, 0x00, 0x6f, 0x00, 0x64, 0x00, 0x6f, 
    0x00, 0x72, 0x00, 0x65, 0x00, 0x20, 0x00, 0x50, 0x00, 0x65, 0x00, 0x74, 
    0x00, 0x72, 0x00, 0x6f, 0x00, 0x73, 0x00, 0x6b, 0x00, 0x79, 0x00, 0x68, 
    0x00, 0x74, 0x00, 0x74, 0x00, 0x70, 0x00, 0x73, 0x00, 0x3a, 0x00, 0x2f, 
    0x00, 0x2f, 0x00, 0x77, 0x00, 0x77, 0x00, 0x77, 0x00, 0x2e, 0x00, 0x42, 
    0x00, 0x72, 0x00, 0x61, 0x00, 0x69, 0x00, 0x6c, 0x00, 0x6c, 0x00, 0x65, 
    0x00, 0x49, 0x00, 0x6e, 0x00, 0x73, 0x00, 0x74, 0x00, 0x69, 0x00, 0x74, 
    0x00, 0x75, 0x00, 0x74, 0x00, 0x65, 0x00, 0x2e, 0x00, 0x6f, 0x00, 0x72, 
    0x00, 0x67, 0x00, 0x2f, 0x00, 0x68, 0x00, 0x74, 0x00, 0x74, 0x00, 0x70, 
    0x00, 0x3a, 0x00, 0x2f, 0x00, 0x2f, 0x00, 0x68, 0x00, 0x65, 0x00, 0x6c, 
    0x00, 0x6c, 0x00, 0x6f, 0x00, 0x61, 0x00, 0x70, 0x00, 0x70, 0x00, 0x6c, 
    0x00, 0x69, 0x00, 0x65, 0x00, 0x64, 0x00, 0x2e, 0x00, 0x63, 0x00, 0x6f, 
    0x00, 0x6d, 0x00, 0x54, 0x00, 0x68, 0x00, 0x69, 0x00, 0x73, 0x00, 0x20, 
    0x00, 0x46, 0x00, 0x6f, 0x00, 0x6e, 0x00, 0x74, 0x00, 0x20, 0x00, 0x53, 
    0x00, 0x6f, 0x00, 0x66, 0x00, 0x74, 0x00, 0x77, 0x00, 0x61, 0x00, 0x72, 
    0x00, 0x65, 0x00, 0x20, 0x00, 0x69, 0x00, 0x73, 0x00, 0x20, 0x00, 0x6c, 
    0x00, 0x69, 0x00, 0x63, 0x00, 0x65, 0x00, 0x6e, 0x00, 0x73, 0x00, 0x65, 
    0x00, 0x64, 0x00, 0x20, 0x00, 0x75, 0x00, 0x6e, 0x00, 0x64, 0x00, 0x65, 
    0x00, 0x72, 0x00, 0x20, 0x00, 0x74, 0x00, 0x68, 0x00, 0x65, 0x00, 0x20, 
    0x00, 0x53, 0x00, 0x49, 0x00, 0x4c, 0x00, 0x20, 0x00, 0x4f, 0x00, 0x70, 
    0x00, 0x65, 0x00, 0x6e, 0x00, 0x20, 0x00, 0x46, 0x00, 0x6f, 0x00, 0x6e, 
    0x00, 0x74, 0x00, 0x20, 0x00, 0x4c, 0x00, 0x69, 0x00, 0x63, 0x00, 0x65, 
    0x00, 0x6e, 0x00, 0x73, 0x00, 0x65, 0x00, 0x2c, 0x00, 0x20, 0x00, 0x56, 
    0x00, 0x65, 0x00, 0x72, 0x00, 0x73, 0x00, 0x69, 0x00, 0x6f, 0x00, 0x6e, 
    0x00, 0x20, 0x00, 0x31, 0x00, 0x2e, 0x00, 0x31, 0x00, 0x2e, 0x00, 0x20, 
    0x00, 0x54, 0x00, 0x68, 0x00, 0x69, 0x00, 0x73, 0x00, 0x20, 0x00, 0x6c, 
    0x00, 0x69, 0x00, 0x63, 0x00, 0x65, 0x00, 0x6e, 0x00, 0x73, 0x00, 0x65, 
    0x00, 0x20, 0x00, 0x69, 0x00, 0x73, 0x00, 0x20, 0x00, 0x61, 0x00, 0x76, 
    0x00, 0x61, 0x00, 0x69, 0x00, 0x6c, 0x00, 0x61, 0x00, 0x62, 0x00, 0x6c, 
    0x00, 0x65, 0x00, 0x20, 0x00, 0x77, 0x00, 0x69, 0x00, 0x74, 0x00, 0x68, 
    0x00, 0x20, 0x00, 0x61, 0x00, 0x20, 0x00, 0x46, 0x00, 0x41, 0x00, 0x51, 
    0x00, 0x20, 0x00, 0x61, 0x00, 0x74, 0x00, 0x3a, 0x00, 0x20, 0x00, 0x68, 
    0x00, 0x74, 0x00, 0x74, 0x00, 0x70, 0x00, 0x73, 0x00, 0x3a, 0x00, 0x2f, 
    0x00, 0x2f, 0x00, 0x73, 0x00, 0x63, 0x00, 0x72, 0x00, 0x69, 0x00, 0x70, 
    0x00, 0x74, 0x00, 0x73, 0x00, 0x2e, 0x00, 0x73, 0x00, 0x69, 0x00, 0x6c, 
    0x00, 0x2e, 0x00, 0x6f, 0x00, 0x72, 0x00, 0x67, 0x00, 0x2f, 0x00, 0x4f, 
    0x00, 0x46, 0x00, 0x4c, 0x00, 0x68, 0x00, 0x74, 0x00, 0x74, 0x00, 0x70, 
    0x00, 0x73, 0x00, 0x3a, 0x00, 0x2f, 0x00, 0x2f, 0x00, 0x73, 0x00, 0x63, 
    0x00, 0x72, 0x00, 0x69, 0x00, 0x70, 0x00, 0x74, 0x00, 0x73, 0x00, 0x2e, 
    0x00, 0x73, 0x00, 0x69, 0x00, 0x6c, 0x00, 0x2e, 0x00, 0x6f, 0x00, 0x72, 
    0x00, 0x67, 0x00, 0x2f, 0x00, 0x4f, 0x00, 0x46, 0x00, 0x4c, 0x00, 0x00, 
    0x00, 0x00, 0x00, 0x02, 0x00, 0x00, 0x00, 0x03, 0x00, 0x00, 0x00, 0x14, 
    0x00, 0x03, 0x00, 0x01, 0x00, 0x00, 0x00, 0x14, 0x00, 0x04, 0x03, 0x7a, 
    0x00, 0x00, 0x00, 0x86, 0x00, 0x80, 0x00, 0x06, 0x00, 0x06, 0x00, 0x0d, 
    0x00, 0x20, 0x00, 0x2f, 0x00, 0x39, 0x00, 0x40, 0x00, 0x5a, 0x00, 0x60, 
    0x00, 0x7a, 0x00, 0x7e, 0x00, 0xa0, 0x00, 0xa9, 0x00, 0xb5, 0x00, 0xbe, 
    0x01, 0x07, 0x01, 0x13, 0x01, 0x1b, 0x01, 0x23, 0x01, 0x27, 0x01, 0x2b, 
    0x01, 0x2f, 0x01, 0x31, 0x01, 0x37, 0x01, 0x3e, 0x01, 0x48, 0x01, 0x55, 
    0x01, 0x5b, 0x01, 0x65, 0x01, 0x6b, 0x01, 0x73, 0x01, 0x7e, 0x01, 0x92, 
    0x02, 0x1b, 0x02, 0xc7, 0x02, 0xdd, 0x03, 0x04, 0x03, 0x08, 0x03, 0x0c, 
    0x03, 0x28, 0x03, 0x94, 0x03, 0xa9, 0x03, 0xbc, 0x03, 0xc0, 0x20, 0x14, 
    0x20, 0x1a, 0x20, 0x1e, 0x20, 0x22, 0x20, 0x26, 0x20, 0x30, 0x20, 0x3a, 
    0x20, 0x44, 0x20, 0x74, 0x20, 0xac, 0x21, 0x13, 0x21, 0x22, 0x21, 0x2e, 
    0x22, 0x02, 0x22, 0x0f, 0x22, 0x12, 0x22, 0x15, 0x22, 0x1a, 0x22, 0x1e, 
    0x22, 0x2b, 0x22, 0x48, 0x22, 0x60, 0x22, 0x65, 0x25, 0xca, 0xff, 0xff, 
    0x00, 0x00, 0x00, 0x0d, 0x00, 0x20, 0x00, 0x21, 0x00, 0x30, 0x00, 0x3a, 
    0x00, 0x41, 0x00, 0x5b, 0x00, 0x61, 0x00, 0x7b, 0x00, 0xa0, 0x00, 0xa1, 
    0x00, 0xaa, 0x00, 0xb6, 0x00, 0xbf, 0x01, 0x0a, 0x01, 0x16, 0x01, 0x1e, 
    0x01, 0x26, 0x01, 0x2a, 0x01, 0x2e, 0x01, 0x31, 0x01, 0x36, 0x01, 0x3b, 
    0x01, 0x41, 0x01, 0x50, 0x01, 0x58, 0x01, 0x5e, 0x01, 0x6a, 0x01, 0x6e, 
    0x01, 0x78, 0x01, 0x92, 0x02, 0x18, 0x02, 0xc6, 0x02, 0xd8, 0x03, 0x00, 
    0x03, 0x06, 0x03, 0x0a, 0x03, 0x26, 0x03, 0x94, 0x03, 0xa9, 0x03, 0xbc, 
    0x03, 0xc0, 0x20, 0x13, 0x20, 0x18, 0x20, 0x1c, 0x20, 0x20, 0x20, 0x26, 
    0x20, 0x30, 0x20, 0x39, 0x20, 0x44, 0x20, 0x74, 0x20, 0xac, 0x21, 0x13, 
    0x21, 0x22, 0x21, 0x2e, 0x22, 0x02, 0x22, 0x0f, 0x22, 0x11, 0x22, 0x15, 
    0x22, 0x19, 0x22, 0x1e, 0x22, 0x2b, 0x22, 0x48, 0x22, 0x60, 0x22, 0x64, 
    0x25, 0xca, 0xff, 0xff, 0xff, 0xf5, 0xff, 0xe3, 0x00, 0x57, 0xff, 0xd5, 
    0x00, 0x00, 0xff, 0xce, 0x00, 0x17, 0xff, 0xc8, 0x00, 0x0c, 0xff, 0x64, 
    0xff, 0xea, 0x00, 0x00, 0xff, 0xac, 0x00, 0x00, 0x00, 0x00, 0xff, 0xf3, 
    0x00, 0x00, 0x00, 0x05, 0xff, 0xe7, 0xff, 0xe5, 0x00, 0x31, 0x00, 0x0c, 
    0x00, 0x00, 0x00, 0x00, 0x00, 0x00, 0x00, 0x00, 0x00, 0x00, 0xff, 0xb1, 
    0xff, 0xaf, 0x00, 0x00, 0xff, 0x05, 0x00, 0x00, 0xfd, 0x7d, 0x00, 0x00, 
    0x00, 0x00, 0x00, 0x00, 0x00, 0x00, 0x00, 0x00, 0xfd, 0x13, 0xfc, 0xfb, 
    0xfc, 0xa5, 0xfc, 0xe9, 0xe0, 0x99, 0xe0, 0x31, 0xe0, 0x30, 0xe0, 0x2f, 
    0xe0, 0x2c, 0xe0, 0x23, 0xe0, 0x1b, 0xe0, 0x12, 0xe0, 0xe9, 0xe0, 0xb0, 
    0xdf, 0x9c, 0xdf, 0x8c, 0xdf, 0x77, 0xde, 0xa4, 0xde, 0x99, 0xde, 0x8d, 
    0xde, 0x8b, 0xde, 0x88, 0xde, 0x85, 0xde, 0x6d, 0xde, 0x51, 0xde, 0x3a, 
    0xde, 0x37, 0xda, 0xd3, 0x00, 0x01, 0x00, 0x00, 0x00, 0x00, 0x00, 0x00, 
    0x00, 0x00, 0x00, 0x7e, 0x00, 0x00, 0x00, 0x00, 0x00, 0x00, 0x00, 0x00, 
    0x00, 0x00, 0x00, 0x00, 0x00, 0x7e, 0x00, 0x00, 0x00, 0x92, 0x01, 0x22, 
    0x00, 0x00, 0x01, 0x32, 0x00, 0x00, 0x00, 0x00, 0x00, 0x00, 0x00, 0x00, 
    0x00, 0x00, 0x01, 0x32, 0x01, 0x38, 0x01, 0x46, 0x01, 0x50, 0x01, 0x56, 
    0x00, 0x00, 0x00, 0x00, 0x01, 0x60, 0x00, 0x00, 0x01, 0x6a, 0x00, 0x00, 
    0x01, 0x6e, 0x01, 0x78, 0x01, 0x80, 0x01, 0x84, 0x01, 0x88, 0x00, 0x00, 
    0x00, 0x00, 0x00, 0x00, 0x00, 0x00, 0x00, 0x00, 0x00, 0x00, 0x00, 0x00, 
    0x00, 0x00, 0x00, 0x00, 0x00, 0x00, 0x00, 0x00, 0x00, 0x00, 0x00, 0x00, 
    0x00, 0x00, 0x00, 0x00, 0x00, 0x00, 0x00, 0x00, 0x00, 0x00, 0x00, 0x00, 
    0x00, 0x00, 0x00, 0x00, 0x00, 0x00, 0x00, 0x00, 0x00, 0x00, 0x00, 0x00, 
    0x00, 0x00, 0x00, 0x00, 0x00, 0x00, 0x00, 0x00, 0x00, 0x70, 0x00, 0x71, 
    0x00, 0x6b, 0x00, 0x6c, 0x00, 0x6d, 0x00, 0x6e, 0x00, 0x6f, 0x00, 0x57, 
    0x00, 0x58, 0x00, 0x59, 0x01, 0x6b, 0x00, 0x5a, 0x00, 0x5b, 0x00, 0x5c, 
    0x00, 0x5d, 0x00, 0x5e, 0x00, 0x5f, 0x00, 0x60, 0x01, 0x65, 0x00, 0x94, 
    0x00, 0xc0, 0x00, 0xc1, 0x00, 0xbc, 0x00, 0xbd, 0x00, 0xbe, 0x00, 0xbf, 
    0x00, 0x96, 0x00, 0xca, 0x00, 0xcc, 0x00, 0xcd, 0x00, 0xce, 0x00, 0xcf, 
    0x00, 0xd4, 0x00, 0xd5, 0x00, 0xd6, 0x00, 0xd7, 0x00, 0xf8, 0x00, 0xdc, 
    0x00, 0xdd, 0x00, 0xde, 0x00, 0xdf, 0x00, 0xe0, 0x00, 0xe1, 0x00, 0xb8, 
    0x00, 0xb3, 0x00, 0xe2, 0x00, 0xe3, 0x00, 0xe4, 0x00, 0xe5, 0x00, 0xe6, 
    0x00, 0xb4, 0x00, 0x95, 0x00, 0xc4, 0x00, 0xc9, 0x00, 0xc5, 0x00, 0xc6, 
    0x00, 0xc7, 0x00, 0xc8, 0x00, 0xb5, 0x00, 0xcb, 0x00, 0xd0, 0x00, 0xd1, 
    0x00, 0xd2, 0x00, 0xd3, 0x00, 0xd8, 0x00, 0xd9, 0x00, 0xda, 0x00, 0xdb, 
    0x00, 0xb6, 0x00, 0xe7, 0x00, 0xe8, 0x00, 0xe9, 0x00, 0xea, 0x00, 0xeb, 
    0x00, 0xec, 0x00, 0xb9, 0x00, 0xb2, 0x00, 0xed, 0x00, 0xee, 0x00, 0xef, 
    0x00, 0xf0, 0x00, 0xf1, 0x00, 0xb7, 0x00, 0xf2, 0x00, 0xc2, 0x00, 0xc3, 
    0x01, 0x03, 0x01, 0x04, 0x01, 0x05, 0x01, 0x06, 0x01, 0x15, 0x01, 0x16, 
    0x01, 0x17, 0x01, 0x18, 0x01, 0x45, 0x01, 0x46, 0x01, 0x40, 0x01, 0x41, 
    0x01, 0x3e, 0x01, 0x3f, 0x01, 0x07, 0x01, 0x08, 0x01, 0x2d, 0x01, 0x2e, 
    0x01, 0x2f, 0x01, 0x30, 0x01, 0x44, 0x01, 0x31, 0x01, 0x32, 0x01, 0x33, 
    0x01, 0x36, 0x01, 0x35, 0x00, 0xb0, 0x00, 0xb1, 0x01, 0x23, 0x01, 0x24, 
    0x01, 0x38, 0x01, 0x39, 0x01, 0x25, 0x01, 0x26, 0x01, 0x0f, 0x01, 0x10, 
    0x00, 0xba, 0x00, 0xbb, 0x01, 0x3a, 0x01, 0x3b, 0x01, 0x3c, 0x01, 0x3d, 
    0x01, 0x19, 0x01, 0x1a, 0x01, 0x47, 0x01, 0x48, 0x00, 0xf3, 0x00, 0xf4, 
    0x01, 0x4a, 0x01, 0x6d, 0x01, 0x34, 0x01, 0x37, 0x00, 0xf5, 0x01, 0x27, 
    0x01, 0x28, 0x01, 0x29, 0x01, 0x2a, 0x00, 0xf6, 0x00, 0xf7, 0x01, 0x49, 
    0x01, 0x6a, 0x01, 0x4b, 0x01, 0x6e, 0x00, 0x45, 0x00, 0x46, 0x00, 0x47, 
    0x00, 0x48, 0x00, 0xab, 0x00, 0xaa, 0x01, 0x5e, 0x01, 0x4c, 0x01, 0x55, 
    0x01, 0x6f, 0x01, 0x63, 0x01, 0x4e, 0x01, 0x5a, 0x01, 0x58, 0x01, 0x68, 
    0x01, 0x60, 0x01, 0x51, 0x01, 0x57, 0x01, 0x54, 0x01, 0x66, 0x00, 0x00, 
    0x00, 0x03, 0x00, 0x00, 0x00, 0x00, 0x00, 0x00, 0xff, 0xb2, 0x00, 0x39, 
    0x00, 0x00, 0x00, 0x00, 0x00, 0x00, 0x00, 0x00, 0x00, 0x00, 0x00, 0x00, 
    0x00, 0x00, 0x00, 0x00, 0x00, 0x00, 0x00, 0x00, 0x01, 0x00, 0x04, 0x02, 
    0x00, 0x01, 0x01, 0x01, 0x1d, 0x41, 0x74, 0x6b, 0x69, 0x6e, 0x73, 0x6f, 
    0x6e, 0x48, 0x79, 0x70, 0x65, 0x72, 0x6c, 0x65, 0x67, 0x69, 0x62, 0x6c, 
    0x65, 0x2d, 0x52, 0x65, 0x67, 0x75, 0x6c, 0x61, 0x72, 0x00, 0x01, 0x01, 
    0x01, 0x38, 0xf8, 0xad, 0x00, 0xf8, 0xae, 0x0c, 0x00, 0xf8, 0xaf, 0x02, 
    0xf8, 0xb0, 0x03, 0x3d, 0x0c, 0x03, 0xc4, 0x0c, 0x04, 0x51, 0xfb, 0x8e, 
    0x1d, 0x00, 0x00, 0x05, 0x0a, 0xfa, 0x0c, 0x05, 0x1d, 0x00, 0x00, 0x06, 
    0x56, 0x0f, 0x1d, 0x00, 0x00, 0x07, 0xd1, 0x10, 0xb5, 0x1d, 0x00, 0x00, 
    0x2f, 0x46, 0x12, 0x1d, 0x00, 0x00, 0x07, 0xd3, 0x11, 0x00, 0x96, 0x02, 
    0x00, 0x01, 0x00, 0x05, 0x00, 0x07, 0x00, 0x0e, 0x00, 0x15, 0x00, 0x1c, 
    0x00, 0x23, 0x00, 0x2a, 0x00, 0x32, 0x00, 0x3d, 0x00, 0x45, 0x00, 0x4e, 
    0x00, 0x5a, 0x00, 0x61, 0x00, 0x6a, 0x00, 0x71, 0x00, 0x78, 0x00, 0x7f, 
    0x00, 0x87, 0x00, 0x8e, 0x00, 0x97, 0x00, 0xa2, 0x00, 0xa9, 0x00, 0xb0, 
    0x00, 0xb2, 0x00, 0xb9, 0x00, 0xc0, 0x00, 0xc7, 0x00, 0xce, 0x00, 0xd4, 
    0x00, 0xda, 0x00, 0xe2, 0x00, 0xe9, 0x00, 0xf0, 0x00, 0xf6, 0x00, 0xfe, 
    0x01, 0x06, 0x01, 0x0d, 0x01, 0x13, 0x01, 0x19, 0x01, 0x20, 0x01, 0x27, 
    0x01, 0x2e, 0x01, 0x35, 0x01, 0x3f, 0x01, 0x49, 0x01, 0x50, 0x01, 0x57, 
    0x01, 0x5d, 0x01, 0x63, 0x01, 0x70, 0x01, 0x7d, 0x01, 0x84, 0x01, 0x8b, 
    0x01, 0x92, 0x01, 0x99, 0x01, 0x9f, 0x01, 0xa5, 0x01, 0xaf, 0x01, 0xb9, 
    0x01, 0xbf, 0x01, 0xc5, 0x01, 0xcc, 0x01, 0xd3, 0x01, 0xd8, 0x01, 0xdd, 
    0x01, 0xea, 0x01, 0xf7, 0x01, 0xfe, 0x02, 0x05, 0x02, 0x0b, 0x02, 0x11, 
    0x02, 0x17, 0x02, 0x1d, 0x02, 0x23, 0x02, 0x29, 0x02, 0x33, 0x02, 0x3d, 
    0x02, 0x41, 0x02, 0x45, 0x02, 0x4b, 0x02, 0x51, 0x02, 0x5b, 0x02, 0x65, 
    0x02, 0x6c, 0x02, 0x73, 0x02, 0x7a, 0x02, 0x80, 0x02, 0x86, 0x02, 0x8c, 
    0x02, 0x92, 0x02, 0x99, 0x02, 0xa0, 0x02, 0xa6, 0x02, 0xac, 0x02, 0xb2, 
    0x02, 0xb8, 0x02, 0xbe, 0x02, 0xc4, 0x02, 0xca, 0x02, 0xd0, 0x02, 0xd7, 
    0x02, 0xde, 0x02, 0xe5, 0x02, 0xeb, 0x02, 0xf1, 0x02, 0xf9, 0x03, 0x01, 
    0x03, 0x08, 0x03, 0x0f, 0x03, 0x16, 0x03, 0x1f, 0x03, 0x2d, 0x03, 0x34, 
    0x03, 0x40, 0x03, 0x49, 0x03, 0x50, 0x03, 0x5b, 0x03, 0x67, 0x03, 0x6e, 
    0x03, 0x75, 0x03, 0x81, 0x03, 0x88, 0x03, 0x8f, 0x03, 0x9b, 0x03, 0xa2, 
    0x03, 0xae, 0x03, 0xb2, 0x03, 0xb9, 0x03, 0xc2, 0x03, 0xd0, 0x03, 0xd7, 
    0x03, 0xe3, 0x03, 0xea, 0x03, 0xf6, 0x03, 0xfd, 0x04, 0x04, 0x04, 0x10, 
    0x04, 0x17, 0x04, 0x23, 0x04, 0x2a, 0x04, 0x31, 0x04, 0x38, 0x04, 0x3f, 
    0x04, 0x46, 0x04, 0x4f, 0x04, 0x5d, 0x04, 0x60, 0x04, 0x91, 0x04, 0xae, 
    0x04, 0xc3, 0x4e, 0x55, 0x4c, 0x4c, 0x43, 0x52, 0x75, 0x6e, 0x69, 0x30, 
    0x30, 0x41, 0x30, 0x75, 0x6e, 0x69, 0x30, 0x30, 0x42, 0x32, 0x75, 0x6e, 
    0x69, 0x30, 0x30, 0x42, 0x33, 0x75, 0x6e, 0x69, 0x30, 0x33, 0x42, 0x43, 
    0x75, 0x6e, 0x69, 0x30, 0x30, 0x42, 0x39, 0x69, 0x6e, 0x74, 0x65, 0x67, 
    0x72, 0x61, 0x6c, 0x61, 0x70, 0x70, 0x72, 0x6f, 0x78, 0x65, 0x71, 0x75, 
    0x61, 0x6c, 0x6e, 0x6f, 0x74, 0x65, 0x71, 0x75, 0x61, 0x6c, 0x6c, 0x65, 
    0x73, 0x73, 0x65, 0x71, 0x75, 0x61, 0x6c, 0x67, 0x72, 0x65, 0x61, 0x74, 
    0x65, 0x72, 0x65, 0x71, 0x75, 0x61, 0x6c, 0x6c, 0x6f, 0x7a, 0x65, 0x6e, 
    0x67, 0x65, 0x73, 0x75, 0x6d, 0x6d, 0x61, 0x74, 0x69, 0x6f, 0x6e, 0x75, 
    0x6e, 0x69, 0x32, 0x32, 0x31, 0x35, 0x75, 0x6e, 0x69, 0x32, 0x32, 0x31, 
    0x39, 0x72, 0x61, 0x64, 0x69, 0x63, 0x61, 0x6c, 0x69, 0x6e, 0x66, 0x69, 
    0x6e, 0x69, 0x74, 0x79, 0x75, 0x6e, 0x69, 0x30, 0x33, 0x41, 0x39, 0x65, 
    0x73, 0x74, 0x69, 0x6d, 0x61, 0x74, 0x65, 0x64, 0x70, 0x61, 0x72, 0x74, 
    0x69, 0x61, 0x6c, 0x64, 0x69, 0x66, 0x66, 0x75, 0x6e, 0x69, 0x30, 0x33, 
    0x39, 0x34, 0x70, 0x72, 0x6f, 0x64, 0x75, 0x63, 0x74, 0x70, 0x69, 0x75, 
    0x6e, 0x69, 0x32, 0x31, 0x31, 0x33, 0x41, 0x6d, 0x61, 0x63, 0x72, 0x6f, 
    0x6e, 0x61, 0x6d, 0x61, 0x63, 0x72, 0x6f, 0x6e, 0x7a, 0x65, 0x72, 0x6f, 
    0x2e, 0x74, 0x66, 0x6f, 0x6e, 0x65, 0x2e, 0x74, 0x66, 0x74, 0x77, 0x6f, 
    0x2e, 0x74, 0x66, 0x74, 0x68, 0x72, 0x65, 0x65, 0x2e, 0x74, 0x66, 0x66, 
    0x6f, 0x75, 0x72, 0x2e, 0x74, 0x66, 0x66, 0x69, 0x76, 0x65, 0x2e, 0x74, 
    0x66, 0x73, 0x69, 0x78, 0x2e, 0x74, 0x66, 0x73, 0x65, 0x76, 0x65, 0x6e, 
    0x2e, 0x74, 0x66, 0x65, 0x69, 0x67, 0x68, 0x74, 0x2e, 0x74, 0x66, 0x6e, 
    0x69, 0x6e, 0x65, 0x2e, 0x74, 0x66, 0x41, 0x62, 0x72, 0x65, 0x76, 0x65, 
    0x61, 0x62, 0x72, 0x65, 0x76, 0x65, 0x41, 0x6f, 0x67, 0x6f, 0x6e, 0x65, 
    0x6b, 0x61, 0x6f, 0x67, 0x6f, 0x6e, 0x65, 0x6b, 0x45, 0x6d, 0x61, 0x63, 
    0x72, 0x6f, 0x6e, 0x65, 0x6d, 0x61, 0x63, 0x72, 0x6f, 0x6e, 0x45, 0x64, 
    0x6f, 0x74, 0x61, 0x63, 0x63, 0x65, 0x6e, 0x74, 0x65, 0x64, 0x6f, 0x74, 
    0x61, 0x63, 0x63, 0x65, 0x6e, 0x74, 0x45, 0x6f, 0x67, 0x6f, 0x6e, 0x65, 
    0x6b, 0x65, 0x6f, 0x67, 0x6f, 0x6e, 0x65, 0x6b, 0x45, 0x63, 0x61, 0x72, 
    0x6f, 0x6e, 0x65, 0x63, 0x61, 0x72, 0x6f, 0x6e, 0x4f, 0x68, 0x75, 0x6e, 
    0x67, 0x61, 0x72, 0x75, 0x6d, 0x6c, 0x61, 0x75, 0x74, 0x6f, 0x68, 0x75, 
    0x6e, 0x67, 0x61, 0x72, 0x75, 0x6d, 0x6c, 0x61, 0x75, 0x74, 0x49, 0x6d, 
    0x61, 0x63, 0x72, 0x6f, 0x6e, 0x69, 0x6d, 0x61, 0x63, 0x72, 0x6f, 0x6e, 
    0x49, 0x6f, 0x67, 0x6f, 0x6e, 0x65, 0x6b, 0x69, 0x6f, 0x67, 0x6f, 0x6e, 
    0x65, 0x6b, 0x43, 0x61, 0x63, 0x75, 0x74, 0x65, 0x63, 0x61, 0x63, 0x75, 
    0x74, 0x65, 0x43, 0x64, 0x6f, 0x74, 0x61, 0x63, 0x63, 0x65, 0x6e, 0x74, 
    0x63, 0x64, 0x6f, 0x74, 0x61, 0x63, 0x63, 0x65, 0x6e, 0x74, 0x53, 0x61, 
    0x63, 0x75, 0x74, 0x65, 0x73, 0x61, 0x63, 0x75, 0x74, 0x65, 0x55, 0x6d, 
    0x61, 0x63, 0x72, 0x6f, 0x6e, 0x75, 0x6d, 0x61, 0x63, 0x72, 0x6f, 0x6e, 
    0x55, 0x72, 0x69, 0x6e, 0x67, 0x75, 0x72, 0x69, 0x6e, 0x67, 0x55, 0x68, 
    0x75, 0x6e, 0x67, 0x61, 0x72, 0x75, 0x6d, 0x6c, 0x61, 0x75, 0x74, 0x75, 
    0x68, 0x75, 0x6e, 0x67, 0x61, 0x72, 0x75, 0x6d, 0x6c, 0x61, 0x75, 0x74, 
    0x55, 0x6f, 0x67, 0x6f, 0x6e, 0x65, 0x6b, 0x75, 0x6f, 0x67, 0x6f, 0x6e, 
    0x65, 0x6b, 0x4e, 0x61, 0x63, 0x75, 0x74, 0x65, 0x6e, 0x61, 0x63, 0x75, 
    0x74, 0x65, 0x4e, 0x63, 0x61, 0x72, 0x6f, 0x6e, 0x6e, 0x63, 0x61, 0x72, 
    0x6f, 0x6e, 0x5a, 0x61, 0x63, 0x75, 0x74, 0x65, 0x7a, 0x61, 0x63, 0x75, 
    0x74, 0x65, 0x5a, 0x64, 0x6f, 0x74, 0x61, 0x63, 0x63, 0x65, 0x6e, 0x74, 
    0x7a, 0x64, 0x6f, 0x74, 0x61, 0x63, 0x63, 0x65, 0x6e, 0x74, 0x48, 0x62, 
    0x61, 0x72, 0x68, 0x62, 0x61, 0x72, 0x47, 0x62, 0x72, 0x65, 0x76, 0x65, 
    0x67, 0x62, 0x72, 0x65, 0x76, 0x65, 0x47, 0x64, 0x6f, 0x74, 0x61, 0x63, 
    0x63, 0x65, 0x6e, 0x74, 0x67, 0x64, 0x6f, 0x74, 0x61, 0x63, 0x63, 0x65, 
    0x6e, 0x74, 0x75, 0x6e, 0x69, 0x30, 0x31, 0x32, 0x33, 0x75, 0x6e, 0x69, 
    0x30, 0x31, 0x33, 0x42, 0x75, 0x6e, 0x69, 0x30, 0x31, 0x33, 0x43, 0x54, 
    0x63, 0x61, 0x72, 0x6f, 0x6e, 0x6c, 0x63, 0x61, 0x72, 0x6f, 0x6e, 0x4c, 
    0x63, 0x61, 0x72, 0x6f, 0x6e, 0x74, 0x63, 0x61, 0x72, 0x6f, 0x6e, 0x75, 
    0x6e, 0x69, 0x30, 0x31, 0x34, 0x35, 0x75, 0x6e, 0x69, 0x30, 0x31, 0x34, 
    0x36, 0x52, 0x61, 0x63, 0x75, 0x74, 0x65, 0x72, 0x61, 0x63, 0x75, 0x74, 
    0x65, 0x52, 0x63, 0x61, 0x72, 0x6f, 0x6e, 0x72, 0x63, 0x61, 0x72, 0x6f, 
    0x6e, 0x44, 0x63, 0x72, 0x6f, 0x61, 0x74, 0x64, 0x63, 0x72, 0x6f, 0x61, 
    0x74, 0x44, 0x63, 0x61, 0x72, 0x6f, 0x6e, 0x64, 0x63, 0x61, 0x72, 0x6f, 
    0x6e, 0x75, 0x6e, 0x69, 0x30, 0x31, 0x33, 0x36, 0x75, 0x6e, 0x69, 0x30, 
    0x31, 0x33, 0x37, 0x75, 0x6e, 0x69, 0x30, 0x31, 0x32, 0x32, 0x43, 0x63, 
    0x61, 0x72, 0x6f, 0x6e, 0x63, 0x63, 0x61, 0x72, 0x6f, 0x6e, 0x53, 0x63, 
    0x65, 0x64, 0x69, 0x6c, 0x6c, 0x61, 0x73, 0x63, 0x65, 0x64, 0x69, 0x6c, 
    0x6c, 0x61, 0x75, 0x6e, 0x69, 0x30, 0x32, 0x31, 0x38, 0x75, 0x6e, 0x69, 
    0x30, 0x31, 0x36, 0x32, 0x75, 0x6e, 0x69, 0x30, 0x32, 0x31, 0x41, 0x61, 
    0x63, 0x75, 0x74, 0x65, 0x63, 0x6f, 0x6d, 0x62, 0x61, 0x63, 0x75, 0x74, 
    0x65, 0x63, 0x6f, 0x6d, 0x62, 0x2e, 0x63, 0x61, 0x73, 0x65, 0x75, 0x6e, 
    0x69, 0x30, 0x33, 0x30, 0x36, 0x75, 0x6e, 0x69, 0x30, 0x33, 0x30, 0x36, 
    0x2e, 0x63, 0x61, 0x73, 0x65, 0x63, 0x61, 0x72, 0x6f, 0x6e, 0x2e, 0x61, 
    0x6c, 0x74, 0x75, 0x6e, 0x69, 0x30, 0x33, 0x30, 0x43, 0x75, 0x6e, 0x69, 
    0x30, 0x33, 0x30, 0x43, 0x2e, 0x61, 0x6c, 0x74, 0x75, 0x6e, 0x69, 0x30, 
    0x33, 0x30, 0x43, 0x2e, 0x63, 0x61, 0x73, 0x65, 0x75, 0x6e, 0x69, 0x30, 
    0x33, 0x32, 0x37, 0x75, 0x6e, 0x69, 0x30, 0x33, 0x30, 0x32, 0x75, 0x6e, 
    0x69, 0x30, 0x33, 0x30, 0x32, 0x2e, 0x63, 0x61, 0x73, 0x65, 0x75, 0x6e, 
    0x69, 0x30, 0x33, 0x32, 0x36, 0x75, 0x6e, 0x69, 0x30, 0x33, 0x30, 0x38, 
    0x75, 0x6e, 0x69, 0x30, 0x33, 0x30, 0x38, 0x2e, 0x63, 0x61, 0x73, 0x65, 
    0x75, 0x6e, 0x69, 0x30, 0x33, 0x30, 0x37, 0x75, 0x6e, 0x69, 0x30, 0x33, 
    0x30, 0x37, 0x2e, 0x63, 0x61, 0x73, 0x65, 0x45, 0x75, 0x72, 0x6f, 0x75, 
    0x6e, 0x69, 0x32, 0x30, 0x37, 0x34, 0x67, 0x72, 0x61, 0x76, 0x65, 0x63, 
    0x6f, 0x6d, 0x62, 0x67, 0x72, 0x61, 0x76, 0x65, 0x63, 0x6f, 0x6d, 0x62, 
    0x2e, 0x63, 0x61, 0x73, 0x65, 0x75, 0x6e, 0x69, 0x30, 0x33, 0x30, 0x42, 
    0x75, 0x6e, 0x69, 0x30, 0x33, 0x30, 0x42, 0x2e, 0x63, 0x61, 0x73, 0x65, 
    0x75, 0x6e, 0x69, 0x30, 0x33, 0x30, 0x34, 0x75, 0x6e, 0x69, 0x30, 0x33, 
    0x30, 0x34, 0x2e, 0x63, 0x61, 0x73, 0x65, 0x75, 0x6e, 0x69, 0x30, 0x30, 
    0x42, 0x35, 0x75, 0x6e, 0x69, 0x30, 0x33, 0x32, 0x38, 0x75, 0x6e, 0x69, 
    0x30, 0x33, 0x32, 0x38, 0x2e, 0x63, 0x61, 0x73, 0x65, 0x75, 0x6e, 0x69, 
    0x30, 0x33, 0x30, 0x41, 0x75, 0x6e, 0x69, 0x30, 0x33, 0x30, 0x41, 0x2e, 
    0x63, 0x61, 0x73, 0x65, 0x75, 0x6e, 0x69, 0x30, 0x32, 0x31, 0x39, 0x75, 
    0x6e, 0x69, 0x30, 0x30, 0x41, 0x44, 0x74, 0x63, 0x65, 0x64, 0x69, 0x6c, 
    0x6c, 0x75, 0x6e, 0x69, 0x30, 0x31, 0x36, 0x33, 0x75, 0x6e, 0x69, 0x30, 
    0x32, 0x31, 0x42, 0x74, 0x69, 0x6c, 0x64, 0x65, 0x63, 0x6f, 0x6d, 0x62, 
    0x74, 0x69, 0x6c, 0x64, 0x65, 0x63, 0x6f, 0x6d, 0x62, 0x2e, 0x63, 0x61, 
    0x73, 0x65, 0x31, 0x2e, 0x36, 0x43, 0x6f, 0x70, 0x79, 0x72, 0x69, 0x67, 
    0x68, 0x74, 0x20, 0x32, 0x30, 0x32, 0x30, 0x20, 0x42, 0x72, 0x61, 0x69, 
    0x6c, 0x6c, 0x65, 0x20, 0x49, 0x6e, 0x73, 0x74, 0x69, 0x74, 0x75, 0x74, 
    0x65, 0x20, 0x6f, 0x66, 0x20, 0x41, 0x6d, 0x65, 0x72, 0x69, 0x63, 0x61, 
    0x2c, 0x20, 0x49, 0x6e, 0x63, 0x2e, 0x41, 0x74, 0x6b, 0x69, 0x6e, 0x73, 
    0x6f, 0x6e, 0x20, 0x48, 0x79, 0x70, 0x65, 0x72, 0x6c, 0x65, 0x67, 0x69, 
    0x62, 0x6c, 0x65, 0x20, 0x52, 0x65, 0x67, 0x75, 0x6c, 0x61, 0x72, 0x41, 
    0x74, 0x6b, 0x69, 0x6e, 0x73, 0x6f, 0x6e, 0x20, 0x48, 0x79, 0x70, 0x65, 
    0x72, 0x6c, 0x65, 0x67, 0x69, 0x62, 0x6c, 0x65, 0x00, 0x00, 0x01, 0x01, 
    0x87, 0x01, 0x00, 0x01, 0x00, 0x01, 0x89, 0x00, 0x00, 0x11, 0x09, 0x00, 
    0x22, 0x19, 0x00, 0x42, 0x19, 0x00, 0x7e, 0x00, 0x00, 0x88, 0x00, 0x00, 
    0x81, 0x01, 0x00, 0x84, 0x00, 0x00, 0x87, 0x00, 0x00, 0x41, 0x00, 0x00, 
    0x08, 0x00, 0x00, 0x75, 0x00, 0x00, 0x69, 0x00, 0x00, 0x77, 0x00, 0x00, 
    0x76, 0x00, 0x00, 0x70, 0x01, 0x00, 0x74, 0x00, 0x00, 0x79, 0x01, 0x00, 
    0x6b, 0x01, 0x00, 0x63, 0x00, 0x00, 0x8b, 0x00, 0x00, 0x6a, 0x00, 0x00, 
    0x97, 0x00, 0x00, 0xa5, 0x00, 0x00, 0x80, 0x00, 0x00, 0xa1, 0x00, 0x00, 
    0x9c, 0x00, 0x01, 0x8a, 0x01, 0x00, 0x7d, 0x00, 0x01, 0x8c, 0x00, 0x00, 
    0x73, 0x00, 0x00, 0x72, 0x00, 0x00, 0x85, 0x00, 0x01, 0x8d, 0x00, 0x00, 
    0x8f, 0x00, 0x00, 0x78, 0x00, 0x00, 0x9e, 0x00, 0x00, 0x9b, 0x00, 0x00, 
    0xa3, 0x00, 0x00, 0x1d, 0x04, 0x00, 0x1b, 0x01, 0x00, 0x3c, 0x04, 0x00, 
    0x7c, 0x00, 0x00, 0x02, 0x05, 0x00, 0x68, 0x00, 0x00, 0x09, 0x07, 0x00, 
    0x5c, 0x06, 0x00, 0x67, 0x00, 0x00, 0x64, 0x00, 0x00, 0xa0, 0x00, 0x00, 
    0x66, 0x00, 0x00, 0x83, 0x00, 0x00, 0xaa, 0x00, 0x00, 0x7b, 0x00, 0x00, 
    0x95, 0x00, 0x00, 0x8a, 0x00, 0x00, 0x65, 0x00, 0x01, 0x8e, 0x06, 0x00, 
    0xa6, 0x00, 0x01, 0x95, 0x09, 0x00, 0x86, 0x00, 0x00, 0x7f, 0x00, 0x00, 
    0x6f, 0x00, 0x00, 0x89, 0x00, 0x00, 0x99, 0x00, 0x01, 0x9f, 0x00, 0x00, 
    0x8c, 0x00, 0x00, 0x92, 0x01, 0x00, 0x8d, 0x00, 0x00, 0x9d, 0x00, 0x00, 
    0x90, 0x00, 0x00, 0xa7, 0x00, 0x00, 0xa2, 0x00, 0x00, 0xa8, 0x00, 0x00, 
    0x9f, 0x00, 0x00, 0x8e, 0x00, 0x00, 0x94, 0x00, 0x00, 0xac, 0x00, 0x00, 
    0xb0, 0x00, 0x00, 0xad, 0x00, 0x00, 0xaf, 0x00, 0x00, 0xae, 0x00, 0x00, 
    0xab, 0x00, 0x01, 0xa0, 0x01, 0x00, 0xcb, 0x00, 0x00, 0xc9, 0x00, 0x00, 
    0xcd, 0x00, 0x00, 0xca, 0x00, 0x00, 0xcc, 0x00, 0x00, 0xc8, 0x00, 0x00, 
    0xb1, 0x00, 0x00, 0xce, 0x00, 0x00, 0xb5, 0x00, 0x00, 0xb2, 0x02, 0x00, 
    0xd2, 0x00, 0x00, 0xcf, 0x02, 0x00, 0xb9, 0x00, 0x00, 0xb6, 0x02, 0x00, 
    0xd6, 0x00, 0x00, 0xd3, 0x02, 0x00, 0xba, 0x00, 0x00, 0xbe, 0x00, 0x00, 
    0xbb, 0x01, 0x00, 0xbf, 0x00, 0x00, 0xbd, 0x00, 0x00, 0xc4, 0x00, 0x00, 
    0xc1, 0x02, 0x00, 0xc5, 0x00, 0x00, 0xd7, 0x00, 0x00, 0xdb, 0x00, 0x00, 
    0xd8, 0x01, 0x00, 0xdc, 0x00, 0x00, 0xda, 0x00, 0x00, 0xe1, 0x00, 0x00, 
    0xde, 0x02, 0x00, 0xe2, 0x01, 0x00, 0xc0, 0x00, 0x00, 0xdd, 0x00, 0x00, 
    0xc6, 0x01, 0x00, 0xe4, 0x00, 0x00, 0x9a, 0x00, 0x01, 0xa2, 0x68, 0x00, 
    0x91, 0x00, 0x02, 0x0b, 0x0d, 0x01, 0x00, 0x01, 0x71, 0x02, 0x00, 0x01, 
    0x00, 0x41, 0x00, 0x43, 0x00, 0x44, 0x00, 0x47, 0x00, 0x4a, 0x00, 0x4f, 
    0x00, 0x64, 0x00, 0x9e, 0x00, 0xa3, 0x00, 0xa8, 0x00, 0xad, 0x00, 0xb2, 
    0x00, 0xc4, 0x00, 0xc9, 0x00, 0xce, 0x00, 0xd3, 0x01, 0x19, 0x01, 0x1f, 
    0x01, 0x2d, 0x01, 0x32, 0x01, 0x46, 0x01, 0x4a, 0x01, 0x61, 0x01, 0x69, 
    0x01, 0x92, 0x01, 0x96, 0x01, 0x9a, 0x01, 0xc3, 0x01, 0xc7, 0x01, 0xce, 
    0x01, 0xff, 0x02, 0x58, 0x02, 0x5d, 0x02, 0x61, 0x02, 0x65, 0x02, 0x6b, 
    0x02, 0x85, 0x02, 0xb8, 0x02, 0xe8, 0x02, 0xee, 0x03, 0x09, 0x03, 0x0f, 
    0x03, 0x39, 0x03, 0x3f, 0x03, 0x45, 0x03, 0x4b, 0x03, 0x6c, 0x03, 0xc3, 
    0x03, 0xcd, 0x03, 0xd6, 0x04, 0x0b, 0x04, 0x10, 0x04, 0x15, 0x04, 0x59, 
    0x04, 0x5d, 0x04, 0x63, 0x04, 0x83, 0x04, 0xca, 0x04, 0xd0, 0x04, 0xd5, 
    0x04, 0xda, 0x04, 0xe0, 0x04, 0xfa, 0x05, 0x25, 0x05, 0x52, 0x05, 0x59, 
    0x05, 0x75, 0x05, 0x7d, 0x05, 0x84, 0x05, 0x8b, 0x05, 0x91, 0x05, 0x9a, 
    0x05, 0xa0, 0x05, 0xb9, 0x05, 0xc1, 0x05, 0xc9, 0x06, 0x04, 0x06, 0x0b, 
    0x06, 0x12, 0x06, 0x1d, 0x06, 0x36, 0x06, 0x4e, 0x06, 0x72, 0x06, 0xd2, 
    0x06, 0xeb, 0x07, 0x03, 0x07, 0x08, 0x07, 0x60, 0x07, 0x8e, 0x07, 0x9d, 
    0x08, 0x11, 0x08, 0x19, 0x08, 0x45, 0x08, 0x6a, 0x08, 0x95, 0x08, 0xdd, 
    0x08, 0xe6, 0x09, 0x13, 0x09, 0x32, 0x09, 0x3b, 0x09, 0x49, 0x09, 0x5f, 
    0x09, 0x8b, 0x09, 0xba, 0x09, 0xde, 0x0a, 0x21, 0x0a, 0x80, 0x0a, 0x99, 
    0x0a, 0xae, 0x0a, 0xc9, 0x0b, 0x19, 0x0b, 0xa5, 0x0b, 0xb6, 0x0b, 0xbf, 
    0x0b, 0xd3, 0x0b, 0xe2, 0x0b, 0xf7, 0x0c, 0x11, 0x0c, 0x1d, 0x0c, 0x24, 
    0x0c, 0x3e, 0x0c, 0x4d, 0x0c, 0x9a, 0x0d, 0x19, 0x0d, 0x52, 0x0d, 0xcf, 
    0x0d, 0xd7, 0x0e, 0x06, 0x0e, 0x34, 0x0e, 0x58, 0x0e, 0x70, 0x0e, 0x77, 
    0x0e, 0x84, 0x0e, 0x8c, 0x0e, 0x9a, 0x0e, 0xe6, 0x0e, 0xf2, 0x0f, 0x3d, 
    0x0f, 0x4b, 0x0f, 0x67, 0x0f, 0xb5, 0x10, 0x26, 0x10, 0x8b, 0x10, 0xb5, 
    0x10, 0xc9, 0x11, 0x59, 0x11, 0x5f, 0x11, 0xd0, 0x12, 0x1b, 0x12, 0x6a, 
    0x12, 0x9b, 0x12, 0xd7, 0x13, 0x2a, 0x13, 0x4d, 0x13, 0x7e, 0x13, 0x9b, 
    0x13, 0xba, 0x13, 0xdf, 0x14, 0x04, 0x14, 0x10, 0x14, 0x1d, 0x14, 0x36, 
    0x14, 0x53, 0x14, 0xb2, 0x14, 0xfe, 0x15, 0x4e, 0x15, 0xa2, 0x15, 0xbd, 
    0x15, 0xd0, 0x15, 0xf3, 0x15, 0xfb, 0x16, 0x02, 0x16, 0x0f, 0x16, 0x1c, 
    0x16, 0x55, 0x16, 0xac, 0x16, 0xd0, 0x17, 0x00, 0x17, 0x65, 0x17, 0xd6, 
    0x18, 0x05, 0x18, 0x82, 0x18, 0xdf, 0x19, 0x0c, 0x19, 0x39, 0x19, 0x6b, 
    0x19, 0xb3, 0x1a, 0x29, 0x1a, 0x34, 0x1a, 0x3f, 0x1a, 0x4a, 0x1a, 0x74, 
    0x1a, 0x7f, 0x1a, 0x8a, 0x1a, 0x95, 0x1a, 0x9f, 0x1a, 0xa9, 0x1a, 0xb4, 
    0x1a, 0xbf, 0x1a, 0xcc, 0x1a, 0xd8, 0x1a, 0xe2, 0x1b, 0x00, 0x1b, 0x1c, 
    0x1b, 0x27, 0x1b, 0x32, 0x1b, 0x3d, 0x1b, 0x48, 0x1b, 0x70, 0x1b, 0x7a, 
    0x1b, 0x86, 0x1b, 0x90, 0x1b, 0xb9, 0x1b, 0xc4, 0x1b, 0xce, 0x1b, 0xd9, 
    0x1c, 0x02, 0x1c, 0x0c, 0x1c, 0x18, 0x1c, 0x25, 0x1c, 0x30, 0x1c, 0x3b, 
    0x1c, 0x46, 0x1c, 0x51, 0x1c, 0x5c, 0x1c, 0x67, 0x1c, 0x71, 0x1c, 0x7b, 
    0x1c, 0x85, 0x1c, 0x91, 0x1c, 0x9b, 0x1c, 0xa6, 0x1c, 0xb0, 0x1c, 0xba, 
    0x1c, 0xc6, 0x1c, 0xd0, 0x1c, 0xda, 0x1d, 0x02, 0x1d, 0x0c, 0x1d, 0x17, 
    0x1d, 0x22, 0x1d, 0x2e, 0x1d, 0x3c, 0x1d, 0x46, 0x1d, 0x53, 0x1d, 0x60, 
    0x1d, 0x6b, 0x1d, 0x77, 0x1d, 0x7a, 0x1d, 0x7f, 0x1d, 0x9b, 0x1d, 0xd5, 
    0x1d, 0xda, 0x1d, 0xdf, 0x1d, 0xe4, 0x1d, 0xe9, 0x1d, 0xfc, 0x1e, 0x01, 
    0x1e, 0x06, 0x1e, 0x11, 0x1e, 0x1b, 0x1e, 0x26, 0x1e, 0x75, 0x1e, 0x7f, 
    0x1e, 0x8a, 0x1e, 0x95, 0x1e, 0x9e, 0x1e, 0xa8, 0x1e, 0xca, 0x1e, 0xd5, 
    0x1e, 0xde, 0x1e, 0xec, 0x1e, 0xf9, 0x1f, 0x03, 0x1f, 0x0e, 0x1f, 0x18, 
    0x1f, 0x2c, 0x1f, 0x36, 0x1f, 0x40, 0x1f, 0x49, 0x1f, 0x53, 0x1f, 0x5d, 
    0x1f, 0x68, 0x1f, 0x73, 0x1f, 0x7d, 0x1f, 0x98, 0x1f, 0xa4, 0x1f, 0xb1, 
    0x1f, 0xbe, 0x1f, 0xfc, 0x20, 0x24, 0x20, 0x32, 0x20, 0x3d, 0x20, 0x48, 
    0x20, 0x53, 0x20, 0x5e, 0x20, 0x6d, 0x20, 0x78, 0x20, 0x84, 0x20, 0xac, 
    0x20, 0xc0, 0x20, 0xca, 0x20, 0xd4, 0x20, 0xde, 0x20, 0xe8, 0x21, 0x0c, 
    0x21, 0x13, 0x21, 0x1c, 0x21, 0x28, 0x21, 0x44, 0x21, 0x5d, 0x21, 0x83, 
    0x21, 0x8a, 0x21, 0x93, 0x21, 0x9e, 0x21, 0xa9, 0x21, 0xb4, 0x21, 0xc0, 
    0x21, 0xc3, 0x21, 0xda, 0x22, 0x01, 0x22, 0x0e, 0x22, 0x15, 0x22, 0x1d, 
    0x22, 0x25, 0x22, 0x2e, 0x22, 0x38, 0x22, 0x5d, 0x22, 0x7f, 0x22, 0x87, 
    0x22, 0x8a, 0x22, 0x8d, 0x22, 0x93, 0x22, 0x99, 0x22, 0x9e, 0x22, 0xa3, 
    0x22, 0xb5, 0x22, 0xbc, 0x22, 0xc2, 0x22, 0xc9, 0x23, 0x0c, 0x23, 0x11, 
    0x23, 0x16, 0x23, 0x1b, 0x23, 0x1f, 0x23, 0x25, 0x23, 0x29, 0x23, 0x2f, 
    0x23, 0xa0, 0x23, 0xa8, 0x23, 0xac, 0x23, 0xb0, 0x23, 0xb5, 0x23, 0xba, 
    0x23, 0xc1, 0x23, 0xc6, 0x23, 0xcb, 0x24, 0x13, 0x24, 0x16, 0x24, 0x2b, 
    0x24, 0x32, 0x24, 0x39, 0x24, 0x42, 0x24, 0x4f, 0x24, 0x77, 0x24, 0x7b, 
    0x24, 0x7f, 0x24, 0x86, 0x24, 0x8d, 0x3b, 0xbd, 0x16, 0xf8, 0x3f, 0xf9, 
    0x50, 0xfc, 0x3f, 0x06, 0xf7, 0x69, 0xfb, 0xdd, 0x15, 0xfb, 0x4d, 0xf7, 
    0xc9, 0x05, 0xf8, 0x07, 0x06, 0x93, 0xfd, 0x0d, 0x15, 0xfb, 0x49, 0xf7, 
    0xc3, 0xf7, 0x49, 0xf7, 0xc2, 0x05, 0xfc, 0x16, 0xfc, 0xef, 0x15, 0xf8, 
    0xed, 0x07, 0xf7, 0x48, 0xfb, 0xc0, 0x05, 0xfb, 0x40, 0xfb, 0xdd, 0x15, 
    0xf7, 0x4d, 0xf7, 0xc8, 0xf7, 0x4d, 0xfb, 0xc8, 0x05, 0x0e, 0x84, 0x0e, 
    0x0e, 0xfb, 0xdb, 0x0e, 0xfb, 0xdb, 0x0e, 0xb4, 0xf7, 0xd8, 0x6a, 0x0a, 
    0xfb, 0x61, 0xf7, 0x70, 0x16, 0xdf, 0xf9, 0x30, 0x53, 0x06, 0x39, 0x6e, 
    0x3a, 0x7c, 0x2b, 0x1b, 0x48, 0xf7, 0x46, 0x07, 0x0e, 0x51, 0xad, 0x16, 
    0xf8, 0x75, 0xd8, 0xfc, 0x04, 0x06, 0xf7, 0x4f, 0xf7, 0x1b, 0xf7, 0x37, 
    0xf7, 0x1e, 0xf7, 0x2f, 0x1a, 0xf7, 0x04, 0x32, 0xca, 0xfb, 0x0f, 0xfb, 
    0x0a, 0x37, 0x4e, 0x2a, 0x73, 0x1e, 0xdf, 0x73, 0x05, 0xdc, 0x9b, 0xc8, 
    0xaa, 0xca, 0x1b, 0xda, 0xb9, 0x5c, 0x46, 0xfb, 0x0a, 0xfb, 0x1e, 0xfb, 
    0x13, 0xfb, 0x80, 0xfb, 0x42, 0x1f, 0x0e, 0x6a, 0xf7, 0xa4, 0x6c, 0x0a, 
    0x92, 0xf8, 0x06, 0x90, 0x0a, 0x73, 0xf7, 0xb0, 0x75, 0x0a, 0x82, 0xf7, 
    0xc3, 0x6f, 0x0a, 0x2a, 0xe8, 0x16, 0xf4, 0x06, 0xf7, 0xaa, 0xf8, 0xdf, 
    0x05, 0xdc, 0xfc, 0x61, 0x3a, 0xf8, 0x04, 0x07, 0x0e, 0x93, 0xf7, 0xc7, 
    0x68, 0x0a, 0x82, 0xf7, 0x69, 0x72, 0x0a, 0x9e, 0x95, 0x16, 0x8f, 0x0a, 
    0x97, 0xd7, 0x16, 0xf7, 0xb1, 0x06, 0xf7, 0x26, 0xd5, 0xeb, 0xeb, 0xcb, 
    0x6a, 0xcb, 0x49, 0xae, 0x1f, 0xb8, 0xb1, 0xa4, 0xc3, 0xc0, 0x1a, 0xe0, 
    0x4d, 0xdc, 0xfb, 0x25, 0x1e, 0xfb, 0xa1, 0x06, 0xe9, 0xfb, 0xb2, 0x15, 
    0xf7, 0x63, 0xf7, 0x4d, 0x07, 0xce, 0xae, 0x56, 0x57, 0x58, 0x69, 0x58, 
    0x47, 0x1f, 0xfb, 0x4d, 0xfb, 0xc3, 0x15, 0xf7, 0x79, 0xf7, 0x5c, 0x07, 
    0xd7, 0xb1, 0x53, 0x52, 0x51, 0x64, 0x51, 0x41, 0x1f, 0x0e, 0xbc, 0xf7, 
    0xf5, 0x7f, 0x7a, 0x0a, 0xcd, 0xd7, 0x16, 0xac, 0x0a, 0x06, 0xe9, 0xfc, 
    0xe1, 0x15, 0xf8, 0x92, 0x57, 0x0a, 0x63, 0xd7, 0x16, 0xa9, 0x0a, 0x50, 
    0xd7, 0x16, 0xe9, 0xf7, 0xc3, 0xf7, 0xe8, 0xdc, 0xfb, 0xe8, 0xf7, 0x5f, 
    0xf7, 0xe8, 0xdc, 0xfc, 0x46, 0x06, 0x0e, 0xf2, 0x71, 0x0a, 0x0e, 0xde, 
    0xd7, 0x16, 0xe9, 0xf7, 0xc3, 0xf7, 0xf2, 0xfb, 0xc3, 0xe9, 0xf9, 0x30, 
    0x2d, 0xfb, 0xb0, 0xfb, 0xf2, 0xf7, 0xb0, 0x2d, 0x06, 0x0e, 0xfb, 0x55, 
    0xcd, 0x16, 0xf7, 0xae, 0x59, 0x0a, 0x2a, 0xf7, 0x74, 0x7f, 0x15, 0xf7, 
    0x17, 0xda, 0xd9, 0xf7, 0x26, 0x1f, 0xf8, 0x5c, 0x2d, 0xfc, 0x5b, 0x07, 
    0xfb, 0x0d, 0x4d, 0x70, 0x55, 0x48, 0x51, 0xbb, 0xf0, 0x8e, 0x1e, 0x34, 
    0x72, 0x05, 0xfb, 0x19, 0x91, 0xd9, 0x47, 0xf7, 0x11, 0x1b, 0x0e, 0x9f, 
    0x8e, 0x0a, 0x0e, 0x47, 0xc2, 0x0a, 0x0e, 0xf7, 0x69, 0xd7, 0x16, 0xe9, 
    0xf8, 0xce, 0x06, 0xf7, 0x56, 0xfc, 0xce, 0x05, 0xe8, 0x06, 0xf7, 0x55, 
    0xf8, 0xce, 0x05, 0xfc, 0xce, 0xe9, 0xf9, 0x30, 0xfb, 0x30, 0x07, 0xfb, 
    0x46, 0xfc, 0xb6, 0xfb, 0x46, 0xf8, 0xb6, 0x05, 0xfb, 0x30, 0x06, 0x0e, 
    0xdd, 0x9b, 0x0a, 0x0e, 0xf7, 0x0c, 0xf7, 0xff, 0x7f, 0x27, 0x0a, 0x85, 
    0xd7, 0x8c, 0x15, 0xe9, 0xf7, 0x9d, 0xf7, 0x07, 0x06, 0xf7, 0x37, 0xf7, 
    0x07, 0xae, 0xf7, 0x39, 0xf7, 0x39, 0xfb, 0x07, 0xb0, 0xfb, 0x37, 0x1f, 
    0xfb, 0x65, 0x06, 0xe9, 0xfb, 0xd5, 0x15, 0xf7, 0x86, 0xf7, 0x0f, 0x07, 
    0xec, 0xd8, 0x7d, 0xfb, 0x01, 0xfb, 0x01, 0x3e, 0x81, 0x2a, 0x1f, 0x0e, 
    0xf7, 0x26, 0xf9, 0x45, 0x5f, 0x15, 0xcb, 0xcf, 0xfb, 0x0f, 0xf7, 0x07, 
    0x05, 0xa9, 0xc2, 0x9c, 0xcd, 0xd6, 0x1a, 0xf7, 0x5d, 0xfb, 0x0d, 0xf7, 
    0x24, 0xfb, 0x55, 0xfb, 0x54, 0xfb, 0x0d, 0xfb, 0x24, 0xfb, 0x5d, 0x5f, 
    0x0a, 0xe0, 0xd3, 0xa7, 0xbc, 0xbf, 0x1e, 0xfb, 0x65, 0x8d, 0x15, 0xfb, 
    0x0d, 0x2b, 0xea, 0xf7, 0x41, 0xf7, 0x40, 0xeb, 0xe9, 0xf7, 0x0d, 0xf7, 
    0x0e, 0xeb, 0x2d, 0xfb, 0x40, 0x59, 0x83, 0x60, 0x7d, 0x67, 0x1f, 0xfb, 
    0x3a, 0xf7, 0x30, 0x4b, 0x47, 0xf7, 0x47, 0xfb, 0x3c, 0x05, 0x64, 0x65, 
    0x58, 0x77, 0x53, 0x1b, 0x0e, 0x96, 0xd7, 0x16, 0x83, 0x0a, 0x80, 0x67, 
    0x0a, 0x0e, 0x5a, 0xb6, 0x0a, 0x0e, 0xde, 0xf7, 0xed, 0x7f, 0x29, 0x0a, 
    0x79, 0xf7, 0x83, 0x16, 0xf7, 0x02, 0x06, 0xf7, 0x7a, 0xf9, 0x30, 0x05, 
    0x24, 0x06, 0xfb, 0x4a, 0xfc, 0xc2, 0xfb, 0x49, 0xf8, 0xc2, 0x05, 0x24, 
    0x06, 0x0e, 0xf7, 0x7d, 0xf7, 0x46, 0x16, 0xf7, 0x05, 0x06, 0xf7, 0x15, 
    0xf8, 0xbc, 0xf7, 0x15, 0xfc, 0xbc, 0x05, 0xf7, 0x06, 0x06, 0xf7, 0x3b, 
    0xf9, 0x30, 0x05, 0x24, 0x06, 0xfb, 0x16, 0xfc, 0xbc, 0xfb, 0x0e, 0xf8, 
    0xbc, 0x05, 0xfb, 0x02, 0x06, 0xfb, 0x0e, 0xfc, 0xbc, 0xfb, 0x16, 0xf8, 
    0xbc, 0x05, 0x24, 0x06, 0x0e, 0x9b, 0x95, 0x16, 0xf7, 0x05, 0x06, 0xf7, 
    0x50, 0xf7, 0x9d, 0xf7, 0x51, 0xfb, 0x9d, 0x05, 0xf7, 0x05, 0x06, 0xfb, 
    0x89, 0xf7, 0xec, 0xf7, 0x7b, 0xf7, 0xd8, 0x05, 0xfb, 0x05, 0x06, 0xfb, 
    0x43, 0xfb, 0x89, 0xfb, 0x43, 0xf7, 0x89, 0x05, 0xfb, 0x04, 0x06, 0xf7, 
    0x7b, 0xfb, 0xd8, 0x05, 0x0e, 0x7f, 0xf7, 0x8f, 0x16, 0x99, 0x0a, 0x8b, 
    0xb7, 0x16, 0xf8, 0x9b, 0xdc, 0xfc, 0x2b, 0x06, 0xf8, 0x1c, 0xf8, 0x8e, 
    0x05, 0xdc, 0xfc, 0x7d, 0x3a, 0xf8, 0x0f, 0x07, 0xfc, 0x1e, 0xfc, 0x8e, 
    0x05, 0x0e, 0x3a, 0xf7, 0x65, 0x7f, 0x22, 0x0a, 0x62, 0xf7, 0xcf, 0x7f, 
    0x15, 0xf7, 0x05, 0xef, 0xe9, 0xf7, 0x38, 0xf7, 0x37, 0x27, 0xea, 0xfb, 
    0x05, 0x3d, 0x56, 0x69, 0x57, 0x6d, 0x1f, 0xf7, 0x8e, 0x37, 0xfd, 0x30, 
    0xc9, 0x07, 0xa1, 0xd6, 0x05, 0x56, 0xa9, 0xc0, 0x69, 0xd9, 0x1b, 0x75, 
    0xa2, 0x0a, 0x20, 0xf7, 0xa1, 0x7f, 0x3a, 0x0a, 0x60, 0xf7, 0x8f, 0x7f, 
    0x76, 0x0a, 0x47, 0xf7, 0xad, 0x7f, 0x2d, 0x0a, 0xfb, 0xbc, 0xee, 0x16, 
    0xdf, 0xf8, 0x41, 0xf2, 0xce, 0x24, 0xd6, 0x06, 0xbe, 0x93, 0x98, 0xb6, 
    0x1e, 0xbf, 0xd2, 0x55, 0x06, 0xfb, 0x03, 0x75, 0x69, 0x25, 0x1f, 0x41, 
    0x37, 0x48, 0xdf, 0x07, 0x0e, 0x5c, 0xf7, 0xa6, 0xfb, 0x54, 0x15, 0xf7, 
    0x35, 0xc2, 0xdc, 0xf7, 0x32, 0x1f, 0xf8, 0x55, 0x61, 0x0a, 0x6c, 0x5b, 
    0xad, 0x3c, 0x1b, 0xfb, 0x02, 0x27, 0x32, 0xfb, 0x33, 0xfb, 0x33, 0xef, 
    0x33, 0xf7, 0x02, 0xda, 0xbb, 0xac, 0xbf, 0xaa, 0x1f, 0x49, 0x07, 0x2b, 
    0x6d, 0x59, 0x25, 0x62, 0x59, 0x98, 0xbf, 0x79, 0x1e, 0x37, 0x74, 0x05, 
    0x38, 0xa5, 0xe1, 0x6a, 0xdc, 0x1b, 0x86, 0xf7, 0xa3, 0x15, 0x39, 0x51, 
    0xcb, 0xf7, 0x05, 0xf7, 0x05, 0xc5, 0xca, 0xdd, 0xd6, 0xcc, 0x59, 0xfb, 
    0x12, 0xfb, 0x12, 0x4a, 0x58, 0x40, 0x1f, 0x0e, 0x4e, 0xd1, 0x16, 0x43, 
    0x0a, 0xf7, 0x8b, 0x37, 0x07, 0x0e, 0xfb, 0xdd, 0xa7, 0x0a, 0x61, 0xfc, 
    0xe2, 0x31, 0x0a, 0xfb, 0xf5, 0xf7, 0x18, 0xf8, 0xe2, 0x15, 0xad, 0xa7, 
    0xa7, 0xae, 0xad, 0x6f, 0xa7, 0x69, 0x68, 0x6f, 0x6f, 0x69, 0x68, 0xa7, 
    0x6f, 0xae, 0x1f, 0xfb, 0x1b, 0xfd, 0x83, 0x15, 0xf7, 0x1d, 0xb3, 0xb3, 
    0xf7, 0x14, 0x1f, 0xf8, 0x7d, 0x37, 0xfc, 0x78, 0x07, 0x37, 0x7a, 0x7c, 
    0x37, 0x1e, 0x5c, 0x8c, 0x05, 0x42, 0x07, 0x0e, 0xfb, 0x09, 0x91, 0x0a, 
    0x0e, 0xfc, 0x04, 0xa5, 0x0a, 0x0e, 0xf7, 0x7e, 0xd1, 0x16, 0xdf, 0xf7, 
    0xa1, 0x06, 0xf5, 0xbb, 0xc4, 0xd3, 0xe6, 0x9a, 0x48, 0x3f, 0x1e, 0xfb, 
    0xb5, 0xdf, 0xf7, 0xa1, 0x07, 0xf5, 0xba, 0xc4, 0xd3, 0xe7, 0x99, 0x48, 
    0x3f, 0x1e, 0xfb, 0xb5, 0xdf, 0xf7, 0xce, 0x07, 0xf7, 0x05, 0x5e, 0xd8, 
    0xfb, 0x07, 0x46, 0x51, 0x71, 0x4e, 0x63, 0x1e, 0xc1, 0x75, 0x5e, 0xac, 
    0x3f, 0x1b, 0x41, 0x5c, 0x67, 0x5c, 0x6f, 0x1f, 0x75, 0xd6, 0x05, 0x4d, 
    0x06, 0x0e, 0x4e, 0x8d, 0x0a, 0x0e, 0x54, 0xf7, 0xa8, 0x7f, 0x28, 0x0a, 
    0x62, 0xd6, 0x0a, 0x56, 0xa9, 0xc0, 0x69, 0xd7, 0x0a, 0xf7, 0x38, 0x27, 
    0xe9, 0xfb, 0x05, 0x3d, 0x56, 0x69, 0x57, 0x6d, 0x1f, 0x74, 0xd9, 0x05, 
    0x4e, 0x06, 0xf7, 0x73, 0xfc, 0x48, 0xa4, 0x0a, 0x6c, 0xf8, 0xb3, 0xfb, 
    0x41, 0x15, 0xa8, 0xa9, 0x91, 0x93, 0xa5, 0x1f, 0xd9, 0x07, 0x82, 0x73, 
    0x76, 0x87, 0x7b, 0x1b, 0x58, 0x77, 0xad, 0xaf, 0x1f, 0xf8, 0x9c, 0x61, 
    0x0a, 0x6d, 0x56, 0xad, 0x3c, 0x1b, 0xfb, 0x05, 0x28, 0x2d, 0xfb, 0x38, 
    0xfb, 0x37, 0xee, 0x2c, 0xf7, 0x05, 0xda, 0xc0, 0xad, 0xc0, 0xa9, 0x1f, 
    0x25, 0x07, 0xfb, 0x06, 0xca, 0x6b, 0xcf, 0x1e, 0xfb, 0xa2, 0xf7, 0x7d, 
    0x15, 0x35, 0xd4, 0x0a, 0xe1, 0xbc, 0x0a, 0xfb, 0x9f, 0xd1, 0x16, 0x95, 
    0x0a, 0xfb, 0x1c, 0x6d, 0x0a, 0x0e, 0xfb, 0xaf, 0x93, 0x0a, 0x0e, 0x44, 
    0xf7, 0x77, 0x7f, 0x24, 0x0a, 0xfb, 0x3a, 0xf7, 0x45, 0x16, 0xe2, 0x06, 
    0xf7, 0x45, 0xf8, 0x84, 0x05, 0x30, 0x06, 0xfb, 0x15, 0xfc, 0x16, 0xfb, 
    0x16, 0xf8, 0x16, 0x05, 0x30, 0x06, 0x0e, 0xba, 0xf7, 0x23, 0x16, 0xd7, 
    0x06, 0xf7, 0x00, 0xf8, 0x23, 0xf7, 0x00, 0xfc, 0x23, 0x05, 0xd8, 0x06, 
    0xf7, 0x22, 0xf8, 0x84, 0x05, 0x31, 0x06, 0x2c, 0xfc, 0x03, 0x29, 0xf8, 
    0x03, 0x05, 0x34, 0x06, 0x28, 0xfc, 0x03, 0x2c, 0xf8, 0x03, 0x05, 0x31, 
    0x06, 0x0e, 0xfb, 0x26, 0x8b, 0x04, 0xee, 0x06, 0xf7, 0x17, 0xf7, 0x4d, 
    0xf7, 0x18, 0xfb, 0x4d, 0x05, 0xee, 0x06, 0xfb, 0x49, 0xf7, 0x93, 0xf7, 
    0x40, 0xf7, 0x85, 0x05, 0x28, 0x06, 0xfb, 0x0f, 0xfb, 0x40, 0xfb, 0x0e, 
    0xf7, 0x40, 0x05, 0x28, 0x06, 0xf7, 0x40, 0xfb, 0x85, 0x05, 0x0e, 0xfb, 
    0x46, 0xb0, 0xfb, 0x35, 0x4d, 0x0a, 0xfb, 0x27, 0xb3, 0x16, 0xf8, 0x1a, 
    0xd5, 0xfb, 0xbb, 0x06, 0xf7, 0xb1, 0xf7, 0xf0, 0x05, 0xd5, 0xfc, 0x07, 
    0x41, 0xf7, 0xa8, 0x07, 0xfb, 0xb1, 0xfb, 0xf0, 0x05, 0x0e, 0xfb, 0x46, 
    0xc0, 0xf8, 0xd3, 0x2b, 0x0a, 0x0e, 0xfb, 0x46, 0xf7, 0x6b, 0x2e, 0x0a, 
    0x0e, 0xfb, 0x64, 0xf7, 0x5c, 0x41, 0x0a, 0x0e, 0xfc, 0x1d, 0xf6, 0x30, 
    0x0a, 0x0e, 0xfb, 0xf6, 0xf7, 0x12, 0xf8, 0xc3, 0x2f, 0x0a, 0x0e, 0xfb, 
    0xec, 0xf7, 0x27, 0x8b, 0x0a, 0xfc, 0x08, 0xf7, 0x0a, 0xf8, 0x36, 0x15, 
    0xb5, 0x0a, 0x4d, 0xfb, 0x35, 0x05, 0x88, 0x83, 0x89, 0x82, 0x83, 0x1a, 
    0x69, 0xa8, 0x6d, 0xaf, 0x1e, 0x0e, 0xfc, 0x08, 0xc7, 0xf8, 0x41, 0x4e, 
    0x0a, 0x0e, 0xfc, 0x08, 0xc7, 0xfb, 0x1a, 0x4e, 0x0a, 0x0e, 0xfb, 0x65, 
    0xf7, 0x0a, 0xf8, 0x36, 0x15, 0xb5, 0x0a, 0x50, 0xfb, 0x2d, 0x05, 0x86, 
    0x7d, 0x88, 0x82, 0x7c, 0x1a, 0x6b, 0xaa, 0x70, 0xad, 0x1e, 0xf7, 0x37, 
    0x16, 0xae, 0xa8, 0xa7, 0xaf, 0xab, 0x74, 0xa6, 0x6c, 0x90, 0x1f, 0xba, 
    0xf7, 0x0e, 0x05, 0x54, 0x06, 0x50, 0xfb, 0x2d, 0x05, 0x86, 0x7d, 0x88, 
    0x82, 0x7c, 0x1a, 0x6b, 0xaa, 0x70, 0xad, 0x1e, 0x0e, 0xfb, 0x65, 0xc7, 
    0xf8, 0x41, 0x7f, 0x0a, 0xfb, 0x65, 0xc7, 0xfb, 0x1a, 0x7f, 0x0a, 0x49, 
    0xf7, 0x7a, 0x16, 0xdc, 0xf8, 0x34, 0xb7, 0x0a, 0x06, 0x0e, 0x49, 0xf7, 
    0x7a, 0x16, 0xdc, 0xf7, 0x40, 0xf7, 0x52, 0xda, 0xfb, 0x52, 0xf7, 0x39, 
    0xb7, 0x0a, 0xfb, 0x39, 0xfb, 0x52, 0x3c, 0xf7, 0x52, 0x06, 0x0e, 0xfb, 
    0x3d, 0xf7, 0x6f, 0xe3, 0x15, 0xe7, 0xd5, 0xd6, 0xe6, 0xe7, 0x41, 0xd5, 
    0x2f, 0x2f, 0x41, 0x41, 0x2f, 0x30, 0xd5, 0x40, 0xe7, 0x1f, 0x0e, 0xe4, 
    0xf8, 0xd7, 0x7f, 0x15, 0xae, 0x49, 0x0a, 0x68, 0x67, 0x62, 0x0a, 0xaf, 
    0x1f, 0xfc, 0x62, 0x16, 0x44, 0x0a, 0xf7, 0x7b, 0x16, 0xaf, 0x49, 0x0a, 
    0x67, 0x67, 0x6f, 0x6e, 0x67, 0x68, 0xa7, 0x6e, 0xaf, 0x1f, 0x0e, 0xf9, 
    0x65, 0xf7, 0x70, 0xf7, 0xd0, 0x15, 0xef, 0xdc, 0xdd, 0xef, 0xef, 0x3a, 
    0xdd, 0x27, 0x26, 0x3a, 0x39, 0x27, 0x27, 0xdc, 0x39, 0xf0, 0x1f, 0x69, 
    0xfb, 0xd0, 0xaf, 0x0a, 0xc6, 0xbc, 0xbb, 0xc6, 0xc6, 0xbb, 0x5b, 0x50, 
    0x50, 0x5b, 0x5b, 0x50, 0x1f, 0xf8, 0x7c, 0xfc, 0x27, 0xb3, 0x0a, 0xf8, 
    0x25, 0x16, 0xef, 0xdc, 0xdc, 0xef, 0xf0, 0x3a, 0xdc, 0x27, 0x26, 0x3a, 
    0x3a, 0x26, 0x27, 0xdc, 0x3a, 0xf0, 0x1f, 0xfc, 0x25, 0xd5, 0x15, 0x4f, 
    0x5b, 0xbb, 0xc6, 0xc7, 0x48, 0x0a, 0x4f, 0x64, 0x0a, 0xf8, 0x25, 0x16, 
    0x4f, 0x5b, 0xbb, 0xc6, 0xc7, 0x48, 0x0a, 0x4f, 0x64, 0x0a, 0x0e, 0xfb, 
    0x92, 0xf7, 0x5d, 0xb3, 0x15, 0xee, 0x06, 0xfb, 0x29, 0xf7, 0x66, 0xf7, 
    0x29, 0xf7, 0x67, 0x05, 0x28, 0x06, 0xfb, 0x28, 0xfb, 0x67, 0x05, 0x0e, 
    0xfb, 0x92, 0xc0, 0xb3, 0x15, 0xef, 0x06, 0xf7, 0x27, 0xf7, 0x66, 0xfb, 
    0x27, 0xf7, 0x67, 0x05, 0x27, 0x06, 0xf7, 0x29, 0xfb, 0x67, 0x05, 0x0e, 
    0x76, 0x9a, 0xc5, 0x0a, 0x0e, 0xfb, 0x80, 0xf7, 0x2c, 0xf8, 0x21, 0x15, 
    0xaf, 0xb6, 0x97, 0xac, 0x9c, 0x1f, 0x97, 0x64, 0x05, 0xc5, 0x06, 0x85, 
    0xa9, 0x86, 0xa6, 0xaa, 0x1a, 0xdd, 0x07, 0xe7, 0x54, 0xa6, 0x4c, 0x4c, 
    0x60, 0x70, 0x63, 0x7c, 0x1e, 0xc8, 0x79, 0x05, 0xa4, 0x91, 0xa1, 0x96, 
    0xa8, 0x1b, 0xbe, 0x8d, 0x6a, 0x6b, 0x1f, 0x7a, 0x89, 0x05, 0x30, 0x83, 
    0x3d, 0x77, 0x45, 0x1a, 0x5b, 0xb1, 0x6a, 0xc8, 0x1e, 0x9f, 0xbe, 0x15, 
    0x6d, 0x78, 0x97, 0xa2, 0xa4, 0xa2, 0x95, 0xd2, 0x94, 0x1f, 0xa1, 0x8e, 
    0x05, 0x80, 0x07, 0x63, 0x77, 0x6c, 0x5c, 0x1e, 0x0e, 0x5e, 0xf8, 0x2d, 
    0xb3, 0x15, 0xef, 0x06, 0xfb, 0x2a, 0xf7, 0x67, 0xf7, 0x2a, 0xf7, 0x66, 
    0x05, 0x27, 0x06, 0xfb, 0x27, 0xfb, 0x66, 0x05, 0x4e, 0xfb, 0x67, 0x15, 
    0xee, 0x06, 0xfb, 0x29, 0xf7, 0x67, 0xf7, 0x29, 0xf7, 0x66, 0x05, 0x28, 
    0x06, 0xfb, 0x28, 0xfb, 0x66, 0x05, 0x0e, 0x86, 0xf8, 0x68, 0xe5, 0x15, 
    0xdc, 0xf7, 0xc6, 0xfc, 0x84, 0x3c, 0xf8, 0x33, 0x06, 0x0e, 0xf7, 0x53, 
    0xc6, 0x0a, 0xf7, 0x52, 0xf7, 0x54, 0xfb, 0x2f, 0xf7, 0x2f, 0xfb, 0x53, 
    0xfb, 0x53, 0xfb, 0x2f, 0xfb, 0x2f, 0xfb, 0x54, 0xfb, 0x52, 0xf7, 0x2f, 
    0xfb, 0x2f, 0xf7, 0x53, 0x1f, 0xc8, 0x04, 0xfb, 0x31, 0xfb, 0x13, 0xf7, 
    0x14, 0xf7, 0x30, 0xf7, 0x31, 0xf7, 0x13, 0xf7, 0x15, 0x60, 0x0a, 0xfb, 
    0x15, 0xfb, 0x31, 0xfb, 0x30, 0xfb, 0x13, 0xfb, 0x14, 0xfb, 0x31, 0x1f, 
    0xfb, 0x1b, 0xf7, 0x05, 0x15, 0xd7, 0xf7, 0x1f, 0xb5, 0x06, 0xf1, 0xfb, 
    0x1f, 0x05, 0xe1, 0x06, 0xfb, 0x00, 0xf7, 0x29, 0x05, 0xd7, 0xa0, 0x97, 
    0xbe, 0xaa, 0x1a, 0xec, 0x4a, 0x9e, 0xfb, 0x01, 0x1e, 0xfb, 0x04, 0x06, 
    0xd7, 0xfb, 0x3f, 0x15, 0xf7, 0x02, 0xbb, 0x07, 0xbe, 0xae, 0x80, 0x5e, 
    0x68, 0x73, 0x78, 0x52, 0x1f, 0x0e, 0xfb, 0x75, 0xc0, 0xf8, 0xed, 0x5c, 
    0x0a, 0x0e, 0xfb, 0x93, 0xf7, 0x44, 0xf8, 0x2c, 0x15, 0xd6, 0xc8, 0xc8, 
    0xd6, 0xd6, 0x4e, 0xc8, 0x40, 0x40, 0x4e, 0x4e, 0x40, 0x40, 0xc8, 0x4e, 
    0xd6, 0x1f, 0xca, 0x04, 0x63, 0x6a, 0xac, 0xb3, 0xb4, 0xac, 0xab, 0xb3, 
    0xb4, 0xab, 0x6b, 0x62, 0x63, 0x6b, 0x6a, 0x62, 0x1f, 0x0e, 0x6f, 0xf7, 
    0x8e, 0xf7, 0x10, 0x15, 0xda, 0xf7, 0x26, 0xf7, 0x59, 0xda, 0xfb, 0x59, 
    0xf7, 0x27, 0x3c, 0xfb, 0x27, 0xfb, 0x59, 0x3c, 0xf7, 0x59, 0x06, 0xfb, 
    0x59, 0xfb, 0xa2, 0x15, 0xf8, 0x6d, 0xda, 0xfc, 0x6d, 0x06, 0x0e, 0xfb, 
    0x75, 0xc0, 0xf8, 0x27, 0x15, 0xf7, 0xa8, 0xc5, 0xfb, 0x57, 0x06, 0xf7, 
    0x09, 0xdb, 0xd0, 0xd2, 0xd5, 0x1a, 0xcb, 0x55, 0xaf, 0x45, 0x46, 0x5b, 
    0x68, 0x53, 0x7d, 0x1e, 0xcb, 0x79, 0x05, 0xb6, 0x90, 0xcf, 0x0a, 0x41, 
    0x4a, 0xfb, 0x0f, 0x2a, 0x1f, 0x0e, 0xfb, 0x74, 0xf7, 0x4f, 0xf8, 0x21, 
    0xcb, 0x0a, 0x9b, 0x1f, 0xa9, 0x9b, 0xa2, 0xaa, 0xaf, 0x1a, 0xd2, 0x4a, 
    0xa9, 0x4d, 0x45, 0x5a, 0x6b, 0x56, 0x7a, 0x1e, 0xc8, 0x79, 0x05, 0xad, 
    0x95, 0xa2, 0x9e, 0xb1, 0x1b, 0xab, 0xa9, 0x7b, 0x66, 0x63, 0x6b, 0x7a, 
    0x5b, 0x1f, 0x76, 0x55, 0xa4, 0x06, 0xbd, 0xae, 0x7b, 0x5c, 0x65, 0x6b, 
    0x74, 0x62, 0x62, 0x75, 0xa4, 0xaa, 0x81, 0x1f, 0x4d, 0x79, 0x05, 0x58, 
    0x9c, 0xb9, 0x65, 0xd2, 0x1b, 0x0e, 0xfb, 0xe7, 0xc0, 0xf8, 0xcf, 0x15, 
    0x40, 0x0a, 0x0e, 0x46, 0xd1, 0xfb, 0x36, 0x15, 0xdf, 0xf7, 0x5f, 0x06, 
    0x6a, 0xa4, 0xac, 0x77, 0xb5, 0x1b, 0xd5, 0xa7, 0xaf, 0xbb, 0xa7, 0x1f, 
    0xa0, 0x43, 0x05, 0xca, 0xf8, 0x85, 0x37, 0xfb, 0xa5, 0x06, 0x21, 0x5c, 
    0x53, 0x3c, 0x35, 0x79, 0xc5, 0xd2, 0x1e, 0xf7, 0xc6, 0x37, 0x07, 0x0e, 
    0x28, 0xf7, 0x4f, 0xfb, 0x35, 0x15, 0xdc, 0xf9, 0x8e, 0xe9, 0xfd, 0x8e, 
    0xdc, 0xf9, 0x8e, 0xb3, 0xce, 0xfb, 0x94, 0x06, 0x23, 0x36, 0x36, 0x23, 
    0x30, 0xcb, 0x3f, 0xe0, 0x79, 0x1f, 0x0e, 0xfc, 0x08, 0xf7, 0x09, 0xf7, 
    0x4b, 0xb2, 0x0a, 0x0e, 0xfb, 0xd0, 0xf7, 0x35, 0x39, 0x0a, 0xa9, 0xbc, 
    0x69, 0xa0, 0x58, 0x39, 0x32, 0x0a, 0xfb, 0xf3, 0xf7, 0x1c, 0xf8, 0x27, 
    0x15, 0xce, 0xf8, 0x0c, 0x53, 0x06, 0x66, 0x7e, 0x66, 0x7f, 0x5f, 0x1b, 
    0x5c, 0xde, 0x07, 0x0e, 0xfb, 0x76, 0xf7, 0x56, 0xf8, 0x22, 0x15, 0xd2, 
    0xce, 0xba, 0xef, 0xef, 0x48, 0xba, 0x44, 0x44, 0x49, 0x5c, 0x27, 0x27, 
    0xcd, 0x5c, 0xd2, 0x1f, 0xc1, 0x04, 0x64, 0x6e, 0xac, 0xc7, 0xc7, 0xa8, 
    0xac, 0xb2, 0xb3, 0xa8, 0x6a, 0x4f, 0x4f, 0x6e, 0x6a, 0x63, 0x1f, 0x0e, 
    0x5e, 0xf7, 0x9a, 0xb3, 0x15, 0xee, 0x06, 0xf7, 0x28, 0xf7, 0x67, 0xfb, 
    0x28, 0xf7, 0x66, 0x05, 0x28, 0x06, 0xf7, 0x29, 0xfb, 0x66, 0x05, 0xfb, 
    0xfa, 0xfb, 0x67, 0x15, 0xef, 0x06, 0xf7, 0x27, 0xf7, 0x67, 0xfb, 0x27, 
    0xf7, 0x66, 0x05, 0x27, 0x06, 0xf7, 0x29, 0xfb, 0x66, 0x05, 0x0e, 0xf7, 
    0x6f, 0xf7, 0x07, 0x16, 0xe4, 0x06, 0xf8, 0x67, 0x63, 0x0a, 0xfc, 0x53, 
    0xfc, 0x0c, 0x15, 0xcf, 0xf8, 0x0c, 0x52, 0x06, 0x65, 0x7e, 0x66, 0x80, 
    0x5f, 0x1b, 0x5b, 0xde, 0x07, 0xf8, 0x8c, 0xfc, 0xcf, 0x94, 0x0a, 0xf7, 
    0x61, 0xf7, 0x07, 0xc5, 0x0a, 0xfc, 0x53, 0xfc, 0x0c, 0x15, 0xce, 0xf8, 
    0x0c, 0x53, 0x06, 0x65, 0x7e, 0x66, 0x80, 0x5f, 0x1b, 0x5b, 0xde, 0x07, 
    0xf7, 0xf0, 0xfc, 0xcf, 0x15, 0xf7, 0xa7, 0xc5, 0xfb, 0x56, 0x06, 0xf7, 
    0x09, 0xda, 0xd0, 0xd2, 0xd6, 0x1a, 0xca, 0x55, 0xaf, 0x45, 0x46, 0x5b, 
    0x68, 0x54, 0x7c, 0x1e, 0xcb, 0x78, 0x05, 0xb6, 0x91, 0xcf, 0x0a, 0x40, 
    0x4b, 0xfb, 0x0e, 0x29, 0x1f, 0x0e, 0xf7, 0x99, 0xf7, 0x4f, 0xf7, 0xb7, 
    0xcb, 0x0a, 0x9a, 0x1f, 0xa9, 0x9b, 0xa2, 0xa9, 0xb0, 0x1a, 0xd2, 0x4a, 
    0xaa, 0x4d, 0x45, 0x5a, 0x6a, 0x56, 0x7a, 0x1e, 0xc8, 0x79, 0x05, 0xac, 
    0x95, 0xa2, 0x9f, 0xb1, 0x1b, 0xab, 0xa9, 0x7a, 0x67, 0x64, 0x6e, 0x79, 
    0x55, 0x1f, 0x79, 0x56, 0x9e, 0x06, 0xc5, 0xac, 0x7a, 0x5d, 0x65, 0x6b, 
    0x74, 0x62, 0x62, 0x75, 0xa3, 0xab, 0x81, 0x1f, 0x4d, 0x79, 0x05, 0x58, 
    0x9c, 0xb9, 0x65, 0xd2, 0x1b, 0x6d, 0xfb, 0xb7, 0x15, 0xe3, 0x06, 0xf8, 
    0x69, 0x63, 0x0a, 0xc3, 0xfd, 0x30, 0x15, 0xd0, 0xe1, 0xcb, 0xc4, 0x4b, 
    0xf7, 0x7d, 0x47, 0xa3, 0x0a, 0x55, 0xf8, 0x95, 0x16, 0xe5, 0x07, 0xfc, 
    0x04, 0xf7, 0x32, 0xf8, 0x04, 0xf7, 0x32, 0x05, 0xe5, 0x07, 0xfc, 0x6d, 
    0xfb, 0x69, 0x05, 0x45, 0x07, 0x0e, 0x86, 0xc0, 0xf7, 0xc7, 0x15, 0xf8, 
    0x84, 0xda, 0xfc, 0x84, 0x06, 0xfb, 0x9d, 0x04, 0xf8, 0x84, 0xda, 0xfc, 
    0x84, 0x06, 0x0e, 0x55, 0xb3, 0x16, 0xf8, 0x6d, 0xf7, 0x69, 0x05, 0xd1, 
    0x07, 0xfc, 0x6d, 0xf7, 0x69, 0x05, 0x31, 0x07, 0xf8, 0x04, 0xfb, 0x32, 
    0xfc, 0x04, 0xfb, 0x32, 0x05, 0x0e, 0x34, 0xf7, 0x4a, 0xf7, 0x52, 0x15, 
    0xe1, 0xad, 0x06, 0xbe, 0x9f, 0x9b, 0xc4, 0xb0, 0x1e, 0xca, 0xb4, 0xc9, 
    0xc8, 0xe1, 0x1a, 0xf7, 0x05, 0x22, 0xbe, 0x23, 0xfb, 0x06, 0x34, 0x4f, 
    0x2b, 0x77, 0x1e, 0xdd, 0x74, 0x05, 0xbf, 0x94, 0xaf, 0xc4, 0xe5, 0x1b, 
    0xd4, 0xbf, 0x65, 0x4b, 0x55, 0x65, 0x66, 0x5b, 0x6d, 0x1f, 0x3f, 0x5a, 
    0x65, 0x69, 0x3e, 0x1a, 0xb8, 0xfb, 0x83, 0x15, 0xae, 0xa8, 0xa8, 0xae, 
    0xae, 0x6f, 0xa9, 0x67, 0x67, 0x6e, 0x6e, 0x67, 0x65, 0xab, 0x71, 0xac, 
    0x1f, 0x0e, 0xf7, 0x41, 0xf8, 0x22, 0x7f, 0x15, 0xb8, 0xb9, 0x94, 0x9e, 
    0xb6, 0x1f, 0xd0, 0x07, 0x73, 0x60, 0x5c, 0x7f, 0x5d, 0x1b, 0xfb, 0x26, 
    0xfb, 0x1e, 0xf7, 0x08, 0xf7, 0x3e, 0xf7, 0x31, 0xf7, 0x14, 0xf7, 0x12, 
    0xf7, 0x30, 0xf7, 0x2b, 0xf7, 0x0d, 0xfb, 0x08, 0xfb, 0x1c, 0x45, 0x6c, 
    0x48, 0x4d, 0x73, 0x78, 0x9a, 0xa8, 0x1f, 0xf7, 0x76, 0x07, 0x97, 0x66, 
    0x61, 0x93, 0x63, 0x1b, 0x27, 0x2c, 0x5a, 0xfb, 0x2c, 0x20, 0xcf, 0x53, 
    0xd2, 0xb4, 0xb6, 0x9e, 0xb2, 0xab, 0x1f, 0x68, 0x98, 0xb6, 0x74, 0xb9, 
    0x1b, 0xd4, 0xdd, 0xc3, 0xf7, 0x2f, 0xf7, 0x5d, 0xfb, 0x4b, 0xf7, 0x05, 
    0xfb, 0x2b, 0xfb, 0x53, 0xfb, 0x2f, 0xfb, 0x2f, 0xfb, 0x52, 0xfb, 0x64, 
    0xf7, 0x3f, 0xfb, 0x1f, 0xf7, 0x45, 0x1f, 0x6e, 0xf7, 0x85, 0x15, 0x68, 
    0x6b, 0xa6, 0xc4, 0xf7, 0x02, 0xc1, 0xa1, 0xbd, 0x9b, 0x9a, 0x89, 0x89, 
    0x99, 0x1f, 0x24, 0x07, 0x43, 0x60, 0x66, 0x64, 0x1e, 0x0e, 0xfc, 0x26, 
    0xaa, 0x0a, 0xfc, 0x17, 0x04, 0xaf, 0x49, 0x0a, 0x67, 0x68, 0x62, 0x0a, 
    0xae, 0x1f, 0x0e, 0xfc, 0x26, 0xaa, 0x0a, 0x52, 0xfc, 0x90, 0x98, 0x0a, 
    0xfb, 0xb8, 0xd7, 0xfb, 0x35, 0x15, 0xf7, 0x62, 0xd5, 0xfb, 0x11, 0xf9, 
    0x3d, 0xf7, 0x11, 0xd5, 0xfb, 0x62, 0x06, 0x0e, 0xfb, 0x7a, 0xf7, 0xa7, 
    0x16, 0xe2, 0x06, 0xfb, 0x98, 0xf9, 0x30, 0x05, 0x34, 0x06, 0x0e, 0xfb, 
    0xb8, 0xac, 0xfb, 0x35, 0x15, 0xf7, 0x62, 0xf9, 0xd1, 0xfb, 0x62, 0x41, 
    0xf7, 0x11, 0xfd, 0x3d, 0xfb, 0x11, 0x06, 0x0e, 0x54, 0xc0, 0xf7, 0xcb, 
    0x15, 0xe4, 0x06, 0xf7, 0x1a, 0xf7, 0x96, 0xf7, 0x1a, 0xfb, 0x96, 0x05, 
    0xe4, 0x06, 0xfb, 0x4d, 0xf7, 0xf9, 0x05, 0x3f, 0x06, 0x0e, 0xfb, 0x67, 
    0x95, 0x3c, 0x15, 0xf8, 0x0c, 0xda, 0xfc, 0x0c, 0x06, 0x0e, 0xfb, 0xe7, 
    0xf7, 0x25, 0x3e, 0x0a, 0x0e, 0xfb, 0xda, 0xf7, 0x06, 0xf7, 0x57, 0x15, 
    0xc0, 0x06, 0x9d, 0xf7, 0xc1, 0x05, 0xf7, 0x40, 0x32, 0xfb, 0x40, 0x07, 
    0xb7, 0xfc, 0x90, 0x15, 0x44, 0x0a, 0x0e, 0xfb, 0xc6, 0xf7, 0x57, 0xf8, 
    0x53, 0x5d, 0x0a, 0xfb, 0x13, 0xfb, 0x71, 0x5d, 0x0a, 0x0e, 0xbb, 0xf7, 
    0x1d, 0x16, 0xdd, 0x4a, 0x0a, 0xf7, 0x0f, 0x06, 0x73, 0xfb, 0x40, 0x05, 
    0xdd, 0x4a, 0x0a, 0xf7, 0x10, 0x06, 0x96, 0xdc, 0x05, 0xfb, 0x0f, 0x06, 
    0xa1, 0xf7, 0x36, 0x05, 0xf7, 0x10, 0x06, 0x96, 0xdc, 0x05, 0xfb, 0x0f, 
    0x4a, 0x0a, 0x39, 0x06, 0x73, 0xfb, 0x40, 0x05, 0xfb, 0x0f, 0x4a, 0x0a, 
    0x39, 0x06, 0x73, 0xfb, 0x40, 0xc3, 0x0a, 0x74, 0xfb, 0x36, 0xc3, 0x0a, 
    0xe8, 0xdc, 0x15, 0xa1, 0xf7, 0x36, 0x05, 0xf7, 0x0f, 0x06, 0x75, 0xfb, 
    0x36, 0x05, 0x0e, 0x7e, 0xf7, 0x9f, 0x34, 0x15, 0xbd, 0xd6, 0x06, 0xf7, 
    0x12, 0x91, 0xf7, 0x03, 0xd0, 0xf7, 0x11, 0x1a, 0xf7, 0x1b, 0xfb, 0x0f, 
    0xad, 0x25, 0xa5, 0x1e, 0x7f, 0x8e, 0x05, 0xf7, 0x69, 0x07, 0xba, 0x85, 
    0xba, 0x77, 0xa5, 0x60, 0xe1, 0xa4, 0x18, 0x65, 0xda, 0x3c, 0xb1, 0x32, 
    0x92, 0x08, 0xca, 0x59, 0x4c, 0x07, 0x24, 0x84, 0xfb, 0x09, 0x53, 0xfb, 
    0x0a, 0x1a, 0xfb, 0x04, 0xe7, 0x56, 0xe7, 0x79, 0x1e, 0xaf, 0x84, 0x05, 
    0xfb, 0x83, 0x07, 0x45, 0x94, 0x5c, 0xad, 0x74, 0xc7, 0x34, 0x71, 0x18, 
    0xac, 0x32, 0xda, 0x51, 0xf7, 0x07, 0x81, 0x08, 0xf8, 0x2d, 0x04, 0x7c, 
    0x8e, 0x05, 0x4d, 0x97, 0x5c, 0xaa, 0xc6, 0x1a, 0xce, 0xd3, 0xa4, 0xbf, 
    0x90, 0x1e, 0xbd, 0xfc, 0xa8, 0x15, 0xf7, 0x79, 0x07, 0xdd, 0x78, 0xc5, 
    0x6e, 0x46, 0x1a, 0x4d, 0x58, 0x5e, 0x32, 0x86, 0x1e, 0x0e, 0xf7, 0xd4, 
    0xf7, 0x70, 0xf7, 0xd1, 0xb3, 0x0a, 0x69, 0xfb, 0xd1, 0xaf, 0x0a, 0xc7, 
    0x48, 0x0a, 0x4f, 0x64, 0x0a, 0xf8, 0x7c, 0xfc, 0x27, 0x15, 0xef, 0xdc, 
    0xdc, 0xf0, 0xef, 0x3a, 0xdd, 0x27, 0x26, 0x3a, 0x39, 0x27, 0x26, 0xdc, 
    0x3a, 0xf0, 0x1f, 0xd5, 0x04, 0x4f, 0x5b, 0xbc, 0xc6, 0xc6, 0x48, 0x0a, 
    0x50, 0x50, 0x5b, 0x5a, 0x50, 0x1f, 0x0e, 0xed, 0xf7, 0x9b, 0x7f, 0x15, 
    0xeb, 0xd8, 0xb1, 0xc8, 0xc5, 0x1f, 0xdd, 0x34, 0x05, 0xf7, 0x0b, 0x06, 
    0xfb, 0x29, 0xf7, 0x31, 0xaf, 0xc7, 0x9f, 0xd3, 0x91, 0xd3, 0x19, 0x34, 
    0x06, 0x87, 0x55, 0x7e, 0x5c, 0x7a, 0x62, 0xfb, 0x1c, 0xf7, 0x24, 0x18, 
    0xdd, 0xad, 0xc5, 0xc2, 0xdf, 0x1a, 0xf7, 0x00, 0x2f, 0xaf, 0x39, 0x21, 
    0x3f, 0x54, 0x34, 0x57, 0xa8, 0x5b, 0xb8, 0x58, 0x1e, 0x24, 0x68, 0x47, 
    0x48, 0x25, 0x1a, 0xfb, 0x02, 0xe1, 0x36, 0xf7, 0x1f, 0x1e, 0xb0, 0xf8, 
    0x3f, 0x15, 0x80, 0x98, 0x4b, 0xc4, 0xc2, 0x1a, 0xb8, 0xb8, 0xa0, 0xbc, 
    0xbc, 0xb4, 0x76, 0x55, 0x56, 0x5f, 0x64, 0x4a, 0x73, 0x1e, 0x66, 0xfb, 
    0xf5, 0x15, 0x44, 0x4b, 0xbb, 0xd8, 0xd5, 0xbe, 0xb8, 0xdb, 0xa7, 0x1f, 
    0xf7, 0x49, 0xfb, 0x53, 0x05, 0x57, 0x5d, 0x4e, 0x6e, 0x45, 0x1b, 0x0e, 
    0xfc, 0x53, 0xc1, 0xf8, 0x53, 0x5d, 0x0a, 0x0e, 0xfb, 0xc7, 0xf7, 0x51, 
    0xfb, 0x35, 0x15, 0xd7, 0x06, 0x26, 0xf7, 0x1d, 0x63, 0xf7, 0x30, 0xf7, 
    0x26, 0x1a, 0xf7, 0x2e, 0xb8, 0xf7, 0x22, 0xcd, 0xe9, 0x1e, 0x40, 0x06, 
    0x41, 0xfb, 0x09, 0x67, 0xfb, 0x1b, 0xfb, 0x1c, 0x1a, 0xfb, 0x2f, 0xba, 
    0xfb, 0x30, 0xe7, 0xfb, 0x16, 0x1e, 0x0e, 0xfb, 0xc7, 0xae, 0xfb, 0x35, 
    0x15, 0xd8, 0x06, 0xe6, 0xf7, 0x16, 0xba, 0xf7, 0x30, 0xf7, 0x30, 0x1a, 
    0xf7, 0x1b, 0x68, 0xf7, 0x1b, 0x41, 0xf7, 0x09, 0x1e, 0x40, 0x06, 0xcd, 
    0x2d, 0xb8, 0xfb, 0x22, 0xfb, 0x2d, 0x1a, 0xfb, 0x26, 0x62, 0xfb, 0x31, 
    0x26, 0xfb, 0x1d, 0x1e, 0x0e, 0xfb, 0x42, 0xf7, 0x2d, 0xf8, 0x18, 0x15, 
    0xc9, 0xe1, 0xca, 0x35, 0xb9, 0xad, 0x4c, 0xe1, 0xf1, 0xab, 0x79, 0xc2, 
    0x26, 0x6a, 0x05, 0xf5, 0x52, 0x21, 0x07, 0x26, 0xac, 0x79, 0x54, 0xf0, 
    0x6b, 0x4d, 0x35, 0x05, 0x0e, 0x86, 0xf7, 0x99, 0x16, 0xdb, 0xf7, 0x64, 
    0xf7, 0x64, 0xdb, 0xfb, 0x64, 0xf7, 0x64, 0x3b, 0xfb, 0x64, 0xfb, 0x64, 
    0x3b, 0xf7, 0x64, 0x06, 0x0e, 0xfc, 0x26, 0xb8, 0xfb, 0x19, 0x98, 0x0a, 
    0xfb, 0x83, 0xb1, 0xf7, 0x64, 0x15, 0xf7, 0xb8, 0xdc, 0xfb, 0xb8, 0x06, 
    0x0e, 0xfc, 0x26, 0xf1, 0x7f, 0x15, 0x44, 0x0a, 0x0e, 0xfb, 0x7a, 0x9a, 
    0x16, 0xe2, 0x06, 0xf7, 0x98, 0xf9, 0x30, 0x05, 0x34, 0x06, 0x0e, 0xfb, 
    0xb4, 0xf7, 0x86, 0xfb, 0x35, 0x15, 0xb6, 0xd2, 0x61, 0x06, 0x5f, 0x84, 
    0x97, 0xbf, 0x1f, 0xf7, 0x2d, 0x07, 0xde, 0x6e, 0xa8, 0x59, 0x99, 0x1e, 
    0x8c, 0x07, 0xbb, 0x98, 0xaa, 0xa8, 0xdf, 0x1a, 0xf7, 0x2d, 0x07, 0xbe, 
    0x92, 0x98, 0xb7, 0x1e, 0xb5, 0xd2, 0x60, 0x06, 0xfb, 0x04, 0x75, 0x6a, 
    0x24, 0x1f, 0xfb, 0x2a, 0x07, 0x52, 0x83, 0x65, 0x4d, 0x1e, 0x48, 0x07, 
    0xc9, 0x93, 0x65, 0x52, 0x1f, 0xfb, 0x2a, 0x07, 0x24, 0xa1, 0x6a, 0xf7, 
    0x04, 0x1e, 0x0e, 0xfc, 0x0a, 0xd7, 0xfb, 0x35, 0x15, 0xdc, 0xf9, 0xd1, 
    0x3a, 0x06, 0x0e, 0xfb, 0xb4, 0xad, 0xfb, 0x35, 0x15, 0xb6, 0x06, 0xf7, 
    0x04, 0xa1, 0xac, 0xf2, 0x1f, 0xf7, 0x2a, 0x07, 0xc4, 0x93, 0xb1, 0xc9, 
    0x1e, 0xce, 0x07, 0x4d, 0x83, 0xb1, 0xc4, 0x1f, 0xf7, 0x2a, 0x07, 0xf2, 
    0x75, 0xac, 0xfb, 0x04, 0x1e, 0x60, 0x44, 0xb5, 0x06, 0xb7, 0x92, 0x7e, 
    0x58, 0x1f, 0xfb, 0x2d, 0x07, 0x37, 0xaa, 0x6e, 0xbb, 0x7e, 0x1e, 0x8a, 
    0x07, 0x59, 0x7d, 0x6e, 0x6e, 0x38, 0x1a, 0xfb, 0x2d, 0x07, 0x57, 0x84, 
    0x7f, 0x5f, 0x1e, 0x61, 0x06, 0x0e, 0x57, 0xf8, 0x0f, 0xf7, 0x57, 0x15, 
    0x9f, 0x0a, 0xd6, 0x75, 0x05, 0x5b, 0x0a, 0x0e, 0xfb, 0xda, 0xf7, 0x20, 
    0xf8, 0x1a, 0x15, 0x44, 0x0a, 0x5f, 0xfc, 0xbb, 0x15, 0xe4, 0xf7, 0x40, 
    0x06, 0x79, 0xf7, 0xc0, 0x05, 0x56, 0x06, 0x79, 0xfb, 0xc0, 0x05, 0x0e, 
    0x20, 0xf7, 0x80, 0x34, 0x15, 0xbd, 0xd6, 0x06, 0xdc, 0x91, 0xcd, 0xb8, 
    0xad, 0xc7, 0x3e, 0xa7, 0x18, 0x77, 0x69, 0x67, 0x71, 0x5b, 0x86, 0x08, 
    0xf8, 0x04, 0x07, 0xb8, 0x86, 0xb0, 0x73, 0x9f, 0x67, 0xd8, 0xa7, 0x18, 
    0x6c, 0xc5, 0x4d, 0xbd, 0x35, 0x8e, 0x08, 0xce, 0x59, 0x45, 0x07, 0xfb, 
    0x0e, 0x78, 0x3f, 0x25, 0xfb, 0x19, 0x1a, 0xfb, 0x1f, 0xd6, 0x25, 0xf7, 
    0x0f, 0x7b, 0x1e, 0xd8, 0x04, 0x50, 0x9c, 0x5b, 0xc6, 0xf4, 0x1a, 0xf3, 
    0xbb, 0xc4, 0xc6, 0x9b, 0x1e, 0x0e, 0x76, 0xf0, 0x7f, 0x15, 0xa7, 0xc2, 
    0xb6, 0x95, 0xaf, 0xd4, 0xbb, 0x65, 0xd6, 0x1b, 0xae, 0xb3, 0x93, 0xa1, 
    0xbd, 0x1f, 0x72, 0xd4, 0x05, 0x78, 0x5f, 0x68, 0x85, 0x6d, 0x46, 0x63, 
    0xaf, 0x50, 0x1b, 0x79, 0x78, 0x88, 0x82, 0x74, 0x1f, 0xc1, 0xab, 0xb5, 
    0xbc, 0xce, 0x1a, 0xa3, 0x86, 0xa6, 0x7e, 0xa8, 0x1e, 0xf7, 0x49, 0xbe, 
    0xfb, 0x60, 0x06, 0x74, 0xb9, 0x72, 0xb8, 0xbb, 0x1a, 0xd8, 0xd2, 0xa3, 
    0xc4, 0xc9, 0xc1, 0x73, 0x46, 0x9d, 0x1e, 0xde, 0xa4, 0x05, 0xe0, 0x71, 
    0x40, 0xc1, 0xfb, 0x04, 0x1b, 0x21, 0xfb, 0x07, 0x5d, 0xfb, 0x0f, 0x57, 
    0xa1, 0x5e, 0xa1, 0x5e, 0x1f, 0x35, 0x58, 0xf7, 0x01, 0x06, 0x9b, 0x69, 
    0x92, 0x6c, 0x70, 0x1a, 0x26, 0x2f, 0x54, 0x66, 0x7c, 0x1e, 0x0e, 0x70, 
    0xe4, 0xdf, 0x15, 0xcd, 0xcc, 0x05, 0x6c, 0xb3, 0xba, 0x7c, 0xbb, 0x1b, 
    0xbb, 0xbb, 0x9a, 0xaa, 0xb2, 0x1f, 0xcd, 0x4a, 0xaf, 0xae, 0x49, 0xcd, 
    0x05, 0xab, 0xb3, 0x9a, 0xbb, 0xbb, 0x1a, 0xbb, 0x7c, 0xbb, 0x6b, 0xb2, 
    0x1e, 0xcd, 0xcd, 0x67, 0xaf, 0x49, 0x49, 0x05, 0xab, 0x64, 0x5b, 0x9a, 
    0x5b, 0x1b, 0x5b, 0x5c, 0x7c, 0x6b, 0x63, 0x1f, 0x49, 0xcd, 0x67, 0x67, 
    0xcd, 0x49, 0x05, 0x6c, 0x64, 0x7b, 0x5b, 0x5b, 0x1a, 0x5b, 0x9b, 0x5b, 
    0xaa, 0x63, 0x1e, 0x49, 0x49, 0x05, 0xf7, 0x81, 0xc6, 0x15, 0x3c, 0x4c, 
    0xcb, 0xda, 0xd9, 0xca, 0xcb, 0xda, 0xda, 0xca, 0x4b, 0x3d, 0x3c, 0x4c, 
    0x4b, 0x3c, 0x1f, 0x0e, 0x7f, 0xf7, 0x8f, 0x16, 0xe9, 0xe1, 0xf7, 0x29, 
    0xbe, 0xfb, 0x29, 0xe1, 0xf7, 0x29, 0xbe, 0xfb, 0x21, 0x06, 0xf7, 0x7c, 
    0xf8, 0x1e, 0xb8, 0x0a, 0xf7, 0x7c, 0xfc, 0x1e, 0x05, 0xfb, 0x21, 0x58, 
    0xf7, 0x2a, 0x35, 0xfb, 0x2a, 0x58, 0xf7, 0x2a, 0x06, 0x0e, 0xfc, 0x0a, 
    0xd7, 0xf7, 0xfa, 0x15, 0xdc, 0xf7, 0xca, 0x3a, 0x06, 0xfd, 0xd1, 0x04, 
    0xdc, 0xf7, 0xca, 0x3a, 0x06, 0x0e, 0x3e, 0xf7, 0x99, 0xfb, 0x41, 0x15, 
    0xf1, 0xe1, 0xbe, 0xee, 0xbe, 0x72, 0xac, 0x64, 0xa9, 0x1f, 0xce, 0xa8, 
    0xbb, 0xc0, 0xd0, 0x1a, 0xd0, 0x52, 0xbd, 0x43, 0xb0, 0x1e, 0xfb, 0x06, 
    0xc5, 0x05, 0x55, 0xa7, 0x62, 0xa9, 0xb1, 0x1a, 0xb3, 0xb5, 0x9d, 0xbc, 
    0xbb, 0xb4, 0x79, 0x61, 0x9b, 0x1e, 0xdc, 0xa3, 0x05, 0xcc, 0x70, 0x4b, 
    0xb4, 0x30, 0x1b, 0x31, 0x30, 0x60, 0x34, 0x4f, 0xaf, 0x63, 0xb2, 0x71, 
    0x1f, 0x4a, 0x75, 0x54, 0x5c, 0x49, 0x1a, 0x3f, 0xc5, 0x56, 0xd2, 0x67, 
    0x1e, 0xe9, 0x5c, 0x05, 0xc7, 0x6d, 0xbc, 0x6a, 0x59, 0x1a, 0x5f, 0x61, 
    0x74, 0x51, 0x49, 0x69, 0xaa, 0xbf, 0x7e, 0x1e, 0x38, 0x73, 0x05, 0x3a, 
    0xa3, 0xd2, 0x5b, 0xee, 0x1b, 0xc9, 0xf7, 0xc2, 0x15, 0xfb, 0x0e, 0xcd, 
    0x05, 0x56, 0xa8, 0x6a, 0xa2, 0xba, 0x1a, 0xba, 0xc2, 0xab, 0xbb, 0x99, 
    0x1e, 0xf7, 0x14, 0x46, 0x05, 0xb5, 0x74, 0xa7, 0x6e, 0x63, 0x1a, 0x5d, 
    0x5b, 0x6b, 0x5e, 0x78, 0x1e, 0x0e, 0xfb, 0x4a, 0xf6, 0x33, 0x0a, 0x0e, 
    0xf7, 0x53, 0xc6, 0x0a, 0xf7, 0x53, 0xf7, 0x53, 0xfb, 0x2f, 0xf7, 0x2f, 
    0xfb, 0x53, 0xfb, 0x53, 0xfb, 0x2f, 0xfb, 0x2f, 0xfb, 0x53, 0xfb, 0x53, 
    0xf7, 0x2f, 0xfb, 0x2f, 0xf7, 0x53, 0x1f, 0xc9, 0x04, 0xfb, 0x31, 0xfb, 
    0x13, 0xf7, 0x13, 0x60, 0x0a, 0xf7, 0x13, 0x60, 0x0a, 0xfb, 0x13, 0xfb, 
    0x31, 0xfb, 0x31, 0xfb, 0x13, 0xfb, 0x13, 0xfb, 0x31, 0x1f, 0x8d, 0xef, 
    0x15, 0xd5, 0xbc, 0xae, 0xb8, 0xa5, 0x1f, 0x49, 0xa3, 0x05, 0x6a, 0x79, 
    0x6b, 0x7f, 0x6a, 0x1b, 0x52, 0x62, 0xb6, 0xe5, 0xe4, 0xb4, 0xb5, 0xc4, 
    0xad, 0xa8, 0x7a, 0x6b, 0x9c, 0x1f, 0xce, 0xa4, 0x05, 0xbb, 0x72, 0x5b, 
    0xad, 0x43, 0x1b, 0xfb, 0x00, 0x47, 0x44, 0xfb, 0x0a, 0xfb, 0x0b, 0xc9, 
    0x42, 0xf7, 0x04, 0x1f, 0x0e, 0x34, 0xf7, 0xb9, 0xf8, 0x1a, 0x15, 0xae, 
    0xa8, 0xa8, 0xaf, 0xae, 0x6e, 0xa8, 0x68, 0xce, 0x0a, 0x68, 0xfc, 0xc8, 
    0x15, 0xf7, 0x06, 0xe2, 0xc7, 0xeb, 0x9f, 0x1f, 0x39, 0xa2, 0x05, 0x57, 
    0x82, 0x67, 0x52, 0x31, 0x1b, 0x42, 0x57, 0xb1, 0xcb, 0xc1, 0xb1, 0xb0, 
    0xbb, 0xa9, 0x1f, 0xd7, 0xbc, 0xb1, 0xad, 0xd8, 0x1a, 0xb0, 0x35, 0x69, 
    0x07, 0x58, 0x77, 0x7b, 0x52, 0x66, 0x1e, 0x4c, 0x62, 0x4d, 0x4e, 0x35, 
    0x1a, 0xfb, 0x05, 0xf4, 0x58, 0xf3, 0x1e, 0x0e, 0x81, 0xf7, 0xd0, 0x7f, 
    0x15, 0xf7, 0x13, 0xf7, 0x08, 0xc4, 0xf7, 0x2c, 0xf7, 0x00, 0x4e, 0xbe, 
    0x3d, 0x9f, 0x1f, 0xd0, 0xa8, 0xaa, 0xbc, 0xce, 0x1a, 0xec, 0x32, 0xc9, 
    0xfb, 0x0b, 0xfb, 0x68, 0x73, 0xfb, 0x18, 0x2c, 0x1e, 0xfc, 0x59, 0xdf, 
    0xf8, 0x59, 0x07, 0xf7, 0x07, 0xb9, 0xb6, 0xf4, 0xd5, 0xbd, 0x62, 0x50, 
    0x42, 0x47, 0x6b, 0x39, 0x1e, 0x85, 0x3f, 0x97, 0x06, 0xf6, 0xd2, 0x65, 
    0x2a, 0x32, 0x4e, 0x5f, 0x31, 0x7f, 0x7e, 0x8c, 0x8d, 0x7d, 0x1f, 0xa2, 
    0x3e, 0x05, 0x0e, 0xf8, 0x1b, 0x95, 0x16, 0xf7, 0x01, 0x06, 0xf3, 0xf7, 
    0x25, 0x05, 0xf7, 0xaf, 0xfb, 0x25, 0xf8, 0x5a, 0xdc, 0xfb, 0xfc, 0xf7, 
    0x72, 0xf7, 0x9e, 0xdc, 0xfb, 0x9e, 0xf7, 0x5f, 0xf7, 0xfc, 0xdc, 0xfc, 
    0x64, 0x06, 0xfb, 0x6d, 0xfc, 0x4e, 0x15, 0xf7, 0x77, 0xf7, 0xd4, 0x05, 
    0xfb, 0xd4, 0x07, 0x0e, 0xfb, 0xb2, 0xdb, 0xfb, 0x41, 0x15, 0xc5, 0xc2, 
    0xab, 0xf7, 0x06, 0x1f, 0xf8, 0x5c, 0xf2, 0xce, 0x24, 0xd6, 0x07, 0xbe, 
    0x93, 0x98, 0xb6, 0x1e, 0xbf, 0xd2, 0x55, 0x06, 0xfb, 0x03, 0x75, 0x69, 
    0x25, 0x1f, 0x41, 0x37, 0x48, 0xdf, 0xfc, 0x59, 0x07, 0x61, 0x7b, 0x70, 
    0x61, 0x83, 0x83, 0x8c, 0x8d, 0x81, 0x1e, 0x40, 0x07, 0x86, 0x9d, 0x9d, 
    0x88, 0x9e, 0x1b, 0x0e, 0xfb, 0x29, 0xf7, 0x1e, 0xfb, 0x41, 0x15, 0xc7, 
    0xd6, 0xaa, 0xf7, 0x4e, 0x1f, 0xf7, 0x39, 0x87, 0xf7, 0x38, 0xf7, 0x39, 
    0x1a, 0xf1, 0xb2, 0x86, 0x8b, 0x1e, 0x89, 0x86, 0x8a, 0x85, 0x86, 0x1a, 
    0x71, 0xa0, 0x73, 0xa8, 0xa7, 0xa1, 0xa1, 0xa7, 0xba, 0x62, 0x9a, 0x5f, 
    0x4f, 0x40, 0x6b, 0xfb, 0x4d, 0x1e, 0xfb, 0x39, 0x8f, 0xfb, 0x39, 0xfb, 
    0x39, 0x1a, 0x26, 0x64, 0x90, 0x8b, 0x1e, 0x8d, 0x90, 0x8b, 0x90, 0x90, 
    0x1a, 0xa6, 0x77, 0xa3, 0x6e, 0x6f, 0x75, 0x74, 0x70, 0x5c, 0xb4, 0x7c, 
    0xb7, 0x1e, 0x0e, 0x71, 0xf7, 0x14, 0xf7, 0xb3, 0x15, 0x5b, 0x0a, 0xcc, 
    0x0a, 0x6a, 0x84, 0x72, 0x79, 0x6d, 0x57, 0x4a, 0xc2, 0x38, 0x1b, 0x42, 
    0x59, 0x62, 0x4e, 0x7b, 0x1f, 0xd6, 0xfb, 0x64, 0x15, 0x5b, 0x0a, 0x9f, 
    0x0a, 0x0e, 0x86, 0xd8, 0x16, 0xef, 0x06, 0xe0, 0xf7, 0x0d, 0x05, 0xf7, 
    0xb3, 0xda, 0xfb, 0x7c, 0x06, 0xd6, 0xf6, 0x05, 0xf7, 0x31, 0xdb, 0x26, 
    0x06, 0xd7, 0xf7, 0x01, 0x05, 0x28, 0x06, 0x3e, 0xfb, 0x01, 0x05, 0xfb, 
    0xbb, 0x3b, 0xf7, 0x83, 0x06, 0x41, 0x20, 0x05, 0xfb, 0x39, 0x3c, 0xf7, 
    0x01, 0x06, 0x0e, 0x6f, 0xf8, 0xa2, 0xef, 0x15, 0xe5, 0x07, 0xfc, 0x04, 
    0xf7, 0x04, 0xf8, 0x04, 0xf7, 0x04, 0x05, 0xe6, 0x07, 0xfc, 0x6d, 0xfb, 
    0x3c, 0x05, 0x45, 0x07, 0xfb, 0x9f, 0xd1, 0x0a, 0x6f, 0xc0, 0xef, 0x15, 
    0xf8, 0x6d, 0xf7, 0x3b, 0x05, 0xd1, 0x07, 0xfc, 0x6d, 0xf7, 0x3c, 0x05, 
    0x30, 0x07, 0xf8, 0x04, 0xfb, 0x04, 0xfc, 0x04, 0xfb, 0x04, 0x05, 0xfb, 
    0x52, 0xd1, 0x0a, 0x5d, 0xf7, 0xad, 0x42, 0x15, 0xf7, 0x77, 0xf8, 0x18, 
    0xfb, 0x77, 0xf8, 0x18, 0xfb, 0x78, 0xfc, 0x18, 0x05, 0xf7, 0x78, 0xfb, 
    0x83, 0x15, 0xfb, 0x21, 0xf7, 0x83, 0xf7, 0x21, 0xf7, 0x83, 0xf7, 0x20, 
    0xfb, 0x83, 0x05, 0x0e, 0x77, 0xc0, 0xfb, 0x35, 0x15, 0xf8, 0x75, 0xdc, 
    0xfc, 0x10, 0x06, 0xf7, 0x89, 0xf7, 0xe2, 0xfb, 0x89, 0xf7, 0xe1, 0x05, 
    0xf8, 0x10, 0xdc, 0xfc, 0x75, 0x3a, 0x06, 0xf7, 0x8a, 0xfb, 0xe1, 0xfb, 
    0x8a, 0xfb, 0xe2, 0x05, 0x0e, 0x86, 0xc0, 0xf7, 0x65, 0x15, 0xf8, 0x84, 
    0xda, 0xfc, 0x84, 0x06, 0x0e, 0x82, 0x9a, 0x16, 0xef, 0x06, 0xf8, 0x68, 
    0xf9, 0x31, 0x05, 0x27, 0x06, 0x0e, 0xfc, 0x08, 0xf7, 0x0a, 0xf7, 0x53, 
    0x15, 0xae, 0xa8, 0xa9, 0xae, 0xae, 0x6d, 0xa8, 0x69, 0x67, 0x6e, 0x6e, 
    0x67, 0x6b, 0xa4, 0x6b, 0xb3, 0x1f, 0x0e, 0x72, 0xf7, 0xab, 0xfb, 0x35, 
    0x15, 0xee, 0x06, 0xf7, 0x2b, 0xf9, 0xd2, 0x05, 0x33, 0x06, 0xfb, 0x0f, 
    0xfd, 0x56, 0x24, 0xf7, 0x9a, 0x05, 0xfb, 0x36, 0x3b, 0xf5, 0x06, 0x0e, 
    0xf7, 0x3a, 0xf7, 0x69, 0xf3, 0x15, 0xd5, 0xc1, 0xb7, 0xbd, 0xb9, 0x1f, 
    0x59, 0xb8, 0xc1, 0x5f, 0xd5, 0x1b, 0xea, 0xcc, 0xca, 0xe4, 0xe2, 0x48, 
    0xca, 0x28, 0x43, 0x56, 0x61, 0x5c, 0x61, 0x1f, 0xba, 0x60, 0x56, 0xb5, 
    0x43, 0x1b, 0x28, 0x48, 0x4c, 0x34, 0x32, 0xcc, 0x4c, 0xea, 0x1f, 0x8f, 
    0xd7, 0x15, 0x5b, 0x68, 0xad, 0xb5, 0xb8, 0xb0, 0xa8, 0xbc, 0xbc, 0xad, 
    0x6c, 0x60, 0xaf, 0x1f, 0x53, 0x5d, 0x6a, 0x77, 0x60, 0x1b, 0xf7, 0xe7, 
    0x16, 0x60, 0x6b, 0x9f, 0xc3, 0x5d, 0x1f, 0xb6, 0xaf, 0xad, 0xaa, 0xbb, 
    0x1b, 0xbc, 0xb0, 0x6e, 0x5e, 0x61, 0x68, 0x69, 0x5b, 0x1f, 0x0e, 0xdb, 
    0xbd, 0x16, 0xf7, 0x80, 0xf7, 0x41, 0x06, 0x2d, 0xa4, 0x46, 0xe1, 0xf0, 
    0x1a, 0xf7, 0x0e, 0xee, 0xee, 0xf7, 0x0d, 0xf7, 0x0e, 0xee, 0x28, 0xfb, 
    0x0e, 0x26, 0x46, 0x35, 0x2d, 0x72, 0x1e, 0xfb, 0x41, 0xf7, 0x80, 0xdc, 
    0xfb, 0x2b, 0xbc, 0x07, 0xe5, 0xbd, 0xc8, 0xeb, 0xf7, 0x01, 0x1a, 0xf7, 
    0x37, 0xfb, 0x17, 0xf7, 0x18, 0xfb, 0x37, 0xfb, 0x36, 0xfb, 0x17, 0xfb, 
    0x18, 0xfb, 0x37, 0xfb, 0x01, 0xc8, 0x2b, 0xe5, 0x59, 0x1e, 0x5a, 0xfb, 
    0x2b, 0x07, 0x0e, 0x9a, 0xf7, 0xcb, 0x7f, 0x15, 0xde, 0xd4, 0xb2, 0xc7, 
    0xba, 0x1f, 0x6a, 0x95, 0x05, 0x5c, 0x62, 0x4e, 0x6d, 0x47, 0x1b, 0x50, 
    0x56, 0xa1, 0xaf, 0x63, 0x1f, 0xf7, 0x3e, 0xf8, 0x2e, 0x07, 0xf7, 0x21, 
    0x8a, 0xfb, 0x07, 0xf7, 0x07, 0xfb, 0x22, 0x1b, 0xfb, 0x2e, 0x23, 0xfb, 
    0x16, 0xfb, 0x0a, 0xfb, 0x45, 0xf7, 0x1c, 0x30, 0xf7, 0x0e, 0x1f, 0xfb, 
    0x2c, 0xf7, 0xb7, 0x15, 0xf7, 0x1a, 0x07, 0xb0, 0xb3, 0xc0, 0xa1, 0xc6, 
    0x1b, 0xc5, 0xc1, 0x75, 0x66, 0xb3, 0x1f, 0xfb, 0x1a, 0x07, 0x0e, 0x72, 
    0xf7, 0xb7, 0x7f, 0x15, 0xf7, 0x07, 0xf7, 0x09, 0xd0, 0xf7, 0x51, 0x91, 
    0x1f, 0x96, 0x8c, 0x95, 0x95, 0x1a, 0xf8, 0x2a, 0xfb, 0x9f, 0x88, 0xfb, 
    0x0d, 0x1e, 0x39, 0x07, 0xf7, 0x19, 0x8e, 0xf7, 0x00, 0x74, 0xb3, 0xfb, 
    0x14, 0x08, 0xb3, 0x6b, 0x50, 0x99, 0x62, 0x1b, 0xfb, 0x07, 0xfb, 0x0f, 
    0x3d, 0xfb, 0x48, 0xfb, 0x48, 0xf7, 0x0f, 0x3d, 0xf7, 0x07, 0x1f, 0xd4, 
    0x04, 0x43, 0x3e, 0xc3, 0xf7, 0x15, 0xf7, 0x14, 0xd8, 0xc3, 0xd3, 0xd3, 
    0xd7, 0x53, 0xfb, 0x14, 0xfb, 0x15, 0x3f, 0x53, 0x43, 0x1f, 0x0e, 0xf7, 
    0x2c, 0xc0, 0x16, 0xf9, 0x21, 0x06, 0xfb, 0xdb, 0xf9, 0x3c, 0x05, 0xfb, 
    0x5d, 0xfc, 0xee, 0x15, 0xf7, 0x5d, 0xf8, 0x38, 0xf7, 0x5d, 0xfc, 0x38, 
    0x05, 0x0e, 0x75, 0xc0, 0xfb, 0x35, 0x15, 0xdc, 0xf9, 0x80, 0xf7, 0xd0, 
    0xfd, 0x80, 0xdd, 0xf9, 0xd1, 0xfc, 0x73, 0x06, 0x0e, 0x7b, 0xf3, 0x16, 
    0xdc, 0xf8, 0x32, 0xf7, 0x5a, 0xfb, 0xb6, 0x06, 0x24, 0xa1, 0x76, 0xea, 
    0x1e, 0xbe, 0xd5, 0x6a, 0x06, 0x5b, 0x88, 0x98, 0xbf, 0x1f, 0xf7, 0xa7, 
    0xdf, 0xdd, 0xfc, 0xa7, 0x39, 0xdf, 0x07, 0x0e, 0xfb, 0x55, 0xc0, 0xf8, 
    0xd0, 0x34, 0x0a, 0x0e, 0xfb, 0x40, 0xf7, 0xb1, 0x3b, 0x0a, 0x0e, 0xfb, 
    0x13, 0xb4, 0xf7, 0x64, 0x15, 0xf8, 0x22, 0xda, 0xfc, 0x22, 0x06, 0x0e, 
    0xf7, 0x55, 0xb4, 0xf7, 0x64, 0x15, 0xf9, 0x62, 0xda, 0xfd, 0x62, 0x06, 
    0x0e, 0xf7, 0x85, 0xf8, 0x1d, 0xf7, 0xb8, 0x15, 0xce, 0xf7, 0xab, 0x06, 
    0xed, 0xfb, 0xab, 0x05, 0xd3, 0x06, 0xed, 0xf7, 0xab, 0x05, 0xfb, 0xab, 
    0xce, 0xf8, 0x0c, 0xfb, 0x00, 0x07, 0x2e, 0xfb, 0xb0, 0x2e, 0xf7, 0xb0, 
    0x05, 0xfb, 0x00, 0x06, 0xfb, 0x72, 0xfc, 0x0c, 0x15, 0xce, 0xf7, 0xd0, 
    0xf7, 0x0a, 0xc7, 0xfb, 0xc3, 0x4f, 0xf7, 0x0a, 0x06, 0x0e, 0xfb, 0x31, 
    0xf7, 0x99, 0x7f, 0x15, 0xc3, 0xbc, 0xa5, 0xa7, 0xaa, 0x1f, 0x66, 0xc5, 
    0x05, 0x75, 0x72, 0x6e, 0x7a, 0x68, 0x1b, 0x66, 0x6d, 0x9c, 0xd4, 0x1f, 
    0xef, 0x07, 0xf7, 0x0f, 0xe6, 0xce, 0xd9, 0xf7, 0x0a, 0x1a, 0xde, 0x5d, 
    0xc6, 0x37, 0x23, 0x62, 0x4b, 0xfb, 0x01, 0x1e, 0xfb, 0x79, 0x07, 0x49, 
    0x58, 0x05, 0x32, 0x07, 0xcd, 0xbd, 0x05, 0x6b, 0x07, 0xfb, 0x0a, 0xb4, 
    0x59, 0xf0, 0x1e, 0x52, 0xf7, 0xf8, 0x15, 0xf7, 0x42, 0x07, 0xd2, 0x9b, 
    0xa0, 0xb2, 0xab, 0xa0, 0x75, 0x56, 0x41, 0x69, 0x4a, 0x41, 0x57, 0x1e, 
    0x0e, 0x69, 0xf7, 0x02, 0x16, 0xdb, 0x0a, 0xf7, 0x89, 0x06, 0xf7, 0x48, 
    0xf7, 0x00, 0x05, 0xd2, 0x07, 0xfb, 0x48, 0xfb, 0x00, 0x05, 0xf7, 0xa4, 
    0x2d, 0xfb, 0xdd, 0x07, 0x31, 0x56, 0x05, 0x44, 0x07, 0xe5, 0xc1, 0x05, 
    0x0e, 0xfc, 0x06, 0xf7, 0x4e, 0x16, 0xaf, 0xd5, 0x79, 0x06, 0x5b, 0x87, 
    0x98, 0xbf, 0x1f, 0xf7, 0x4c, 0x07, 0xd1, 0xb5, 0x05, 0xd2, 0x07, 0x45, 
    0x61, 0x05, 0xf7, 0xa6, 0x37, 0xfb, 0xd8, 0x07, 0x56, 0x6b, 0x05, 0x45, 
    0x07, 0xc0, 0xaa, 0x05, 0xfb, 0x29, 0x07, 0x25, 0xa1, 0x75, 0xeb, 0x1e, 
    0x0e, 0x54, 0xf7, 0xa8, 0x7f, 0xd5, 0x0a, 0xd9, 0x73, 0xc7, 0x67, 0xb4, 
    0x1f, 0xb4, 0xbc, 0x65, 0xac, 0x62, 0x5c, 0x05, 0xa9, 0x62, 0x59, 0x99, 
    0x5a, 0x1b, 0xfb, 0x07, 0xfb, 0x0f, 0x3c, 0xfb, 0x47, 0x43, 0x9f, 0x53, 
    0xaa, 0x62, 0x1f, 0x5f, 0x56, 0xb1, 0x6a, 0xb5, 0xbc, 0x05, 0x67, 0xb6, 
    0xc2, 0x7b, 0xc0, 0x1b, 0xfb, 0x14, 0xf7, 0x32, 0x15, 0x7e, 0xa5, 0x83, 
    0xad, 0xb3, 0x1a, 0xf7, 0x14, 0xd8, 0xc3, 0xd3, 0xa9, 0xab, 0x81, 0x75, 
    0xa5, 0x1e, 0x33, 0xfb, 0xe4, 0x15, 0x68, 0x68, 0x98, 0xa7, 0x6f, 0x1f, 
    0xf7, 0x6f, 0xf7, 0x94, 0x05, 0x9c, 0x6e, 0x95, 0x66, 0x5c, 0x1a, 0xfb, 
    0x14, 0x3f, 0x53, 0x43, 0x1e, 0x0e, 0xf7, 0x0c, 0xf7, 0xff, 0x7f, 0x15, 
    0xf7, 0x55, 0xf7, 0x0d, 0xf7, 0x24, 0xf7, 0x5d, 0xec, 0x6f, 0xde, 0x59, 
    0xc8, 0x1f, 0xc3, 0xce, 0x64, 0xab, 0x56, 0x4c, 0x05, 0xb8, 0x57, 0x47, 
    0xa4, 0x3b, 0x1b, 0xfb, 0x54, 0xfb, 0x0d, 0xfb, 0x25, 0xfb, 0x5e, 0x2e, 
    0xa6, 0x38, 0xbb, 0x4f, 0x1f, 0x4f, 0x45, 0xb1, 0x6a, 0xc4, 0xcd, 0x05, 
    0x5d, 0xbf, 0xd0, 0x71, 0xdd, 0x1b, 0xfb, 0x45, 0xf7, 0x49, 0x15, 0x71, 
    0xb5, 0x7d, 0xc3, 0xcd, 0x1a, 0xf7, 0x41, 0xeb, 0xe8, 0xf7, 0x0d, 0xc2, 
    0xbd, 0x78, 0x66, 0xb1, 0x1e, 0xfb, 0x23, 0xfc, 0x70, 0x15, 0x53, 0x57, 
    0xa0, 0xb2, 0x65, 0x1f, 0xf7, 0xd5, 0xf8, 0x0c, 0x05, 0xa6, 0x60, 0x9b, 
    0x52, 0x45, 0x1a, 0xfb, 0x3f, 0x2b, 0x2c, 0xfb, 0x0e, 0x1e, 0x0e, 0x6c, 
    0xd7, 0x16, 0xdf, 0xf7, 0x37, 0xf7, 0x13, 0x06, 0xf7, 0x28, 0xf2, 0xab, 
    0xf7, 0x2a, 0xf7, 0x29, 0x24, 0xad, 0xfb, 0x28, 0x1f, 0xfb, 0x13, 0xf7, 
    0x20, 0x37, 0x06, 0xdf, 0xfc, 0x3c, 0x15, 0xf7, 0x5f, 0xf7, 0x1c, 0x07, 
    0xdc, 0xcb, 0x7f, 0x30, 0x2f, 0x4b, 0x83, 0x3a, 0x1f, 0x0e, 0xf7, 0x9f, 
    0xf7, 0x65, 0x7f, 0x15, 0xf4, 0xd0, 0xb6, 0xc4, 0xad, 0x1f, 0x4e, 0xb3, 
    0xcf, 0x64, 0xe7, 0x1b, 0xe7, 0xcf, 0xb4, 0xc5, 0xb0, 0x1f, 0x3a, 0xa3, 
    0x05, 0x6d, 0x73, 0x66, 0x78, 0x54, 0x1b, 0x4d, 0x34, 0xb1, 0xf7, 0x11, 
    0x86, 0x1f, 0xf8, 0x12, 0x06, 0xf7, 0x21, 0x95, 0x39, 0xf7, 0x1e, 0xfb, 
    0x33, 0x1b, 0x42, 0x4b, 0x6e, 0x58, 0x5f, 0x1f, 0xc1, 0x6e, 0x52, 0xa5, 
    0x34, 0x1b, 0x39, 0x3b, 0x60, 0x3d, 0x6f, 0x1f, 0x5e, 0x0a, 0xee, 0x98, 
    0x43, 0x5e, 0x1f, 0x70, 0x07, 0xfb, 0x50, 0xfb, 0x27, 0x61, 0xfb, 0x0b, 
    0x30, 0xd8, 0x57, 0xe9, 0x1f, 0xf7, 0x94, 0xf7, 0xc4, 0x15, 0xef, 0x92, 
    0xd3, 0x0a, 0x8d, 0x1f, 0xfc, 0xa6, 0xfb, 0x82, 0x15, 0x4f, 0x67, 0xab, 
    0xba, 0xcf, 0xec, 0xa3, 0xf7, 0x2c, 0x1f, 0x7b, 0x07, 0x2a, 0x5d, 0x51, 
    0x20, 0x1e, 0x0e, 0x63, 0xf7, 0xa5, 0x7f, 0x15, 0xf7, 0x52, 0xc1, 0xf7, 
    0x2e, 0xf7, 0x35, 0xf7, 0x0a, 0x6a, 0xf7, 0x0b, 0x44, 0xcb, 0x1f, 0xb3, 
    0xb3, 0x67, 0xaf, 0x5d, 0x5d, 0x05, 0xac, 0x54, 0x48, 0x97, 0x41, 0x1b, 
    0x3e, 0x07, 0xc3, 0xb9, 0x84, 0x78, 0xaf, 0x1f, 0x49, 0x49, 0xaf, 0x67, 
    0xd4, 0xd4, 0xb5, 0x62, 0xa5, 0x4d, 0x91, 0x2f, 0x19, 0xc0, 0x6c, 0x52, 
    0xb3, 0x33, 0x1b, 0xfb, 0x11, 0x30, 0x2e, 0xfb, 0x1a, 0xfb, 0x10, 0xe7, 
    0x21, 0xf7, 0x23, 0x1f, 0xd2, 0x04, 0x33, 0x52, 0xcb, 0xe7, 0xe7, 0xc4, 
    0xcb, 0xe3, 0xe4, 0xc4, 0x4b, 0x2f, 0x2f, 0x52, 0x4b, 0x32, 0x1f, 0x0e, 
    0x62, 0xd6, 0x0a, 0x57, 0xa9, 0xc0, 0x68, 0xd7, 0x0a, 0xf7, 0x39, 0x27, 
    0xe9, 0xfb, 0x05, 0x3d, 0x56, 0x68, 0x57, 0x6d, 0x1f, 0xf7, 0x8f, 0x37, 
    0x07, 0xf7, 0x73, 0xfc, 0xf5, 0x15, 0x36, 0x53, 0xd0, 0xf7, 0x09, 0xf7, 
    0x0a, 0xc3, 0xd0, 0xe0, 0xe0, 0xc3, 0x46, 0xc8, 0x0a, 0x3c, 0xf7, 0x02, 
    0xb2, 0x15, 0xf7, 0x2e, 0xf7, 0x2e, 0xf7, 0x2e, 0xfb, 0x2e, 0xc4, 0xc5, 
    0xfb, 0x2d, 0xf7, 0x2d, 0xf7, 0x2d, 0xf7, 0x2e, 0x52, 0xc5, 0xfb, 0x2e, 
    0xfb, 0x2e, 0xfb, 0x2e, 0xf7, 0x2e, 0x52, 0x51, 0xf7, 0x2e, 0xfb, 0x2e, 
    0xfb, 0x2e, 0xfb, 0x2d, 0x05, 0x0e, 0x86, 0xf7, 0xc1, 0xf7, 0xf6, 0x15, 
    0xaf, 0xa7, 0xa7, 0xaf, 0xaf, 0x6f, 0xa8, 0x67, 0x67, 0x6e, 0x6e, 0x67, 
    0x67, 0xa8, 0x6f, 0xaf, 0x1f, 0xfb, 0x8c, 0xfb, 0x26, 0x15, 0xf8, 0x84, 
    0xdc, 0xfc, 0x84, 0x06, 0xf7, 0x8c, 0xfb, 0xa7, 0x15, 0xaf, 0xa7, 0xa8, 
    0xaf, 0xae, 0x6f, 0xa8, 0x67, 0xce, 0x0a, 0x0e, 0xf8, 0x51, 0xf7, 0xff, 
    0x7f, 0x15, 0xe5, 0xd5, 0xab, 0xc2, 0xc1, 0x1f, 0x40, 0xf8, 0x45, 0xdc, 
    0xfb, 0xfb, 0xf7, 0x73, 0xc7, 0x0a, 0xfc, 0x45, 0x43, 0x07, 0xbf, 0x55, 
    0x41, 0xaa, 0x31, 0x1b, 0xfb, 0x54, 0xfb, 0x0d, 0xfb, 0x22, 0xfb, 0x5f, 
    0x5f, 0x0a, 0x1f, 0xdc, 0x04, 0xfb, 0x0d, 0x2b, 0xe9, 0xf7, 0x40, 0xf7, 
    0x41, 0xeb, 0xe9, 0xf7, 0x0d, 0xf7, 0x02, 0xf7, 0x00, 0x3a, 0xfb, 0x4f, 
    0xfb, 0x42, 0x29, 0x30, 0xfb, 0x0c, 0x1f, 0x0e, 0xf7, 0xd4, 0xf7, 0xa8, 
    0x7f, 0x15, 0xd3, 0xd7, 0xab, 0xcf, 0xb9, 0x1f, 0x4e, 0xb3, 0xcf, 0x64, 
    0xe6, 0x1b, 0xe8, 0xce, 0xb5, 0xc4, 0xb0, 0x1f, 0x3a, 0xa3, 0x05, 0x6d, 
    0x73, 0x67, 0x78, 0x53, 0x1b, 0x4e, 0x33, 0xb1, 0xf7, 0x11, 0x87, 0x1f, 
    0xf8, 0x12, 0x06, 0xf7, 0x22, 0x95, 0x38, 0xf7, 0x1e, 0xfb, 0x33, 0x1b, 
    0x3a, 0x44, 0x66, 0x4b, 0x60, 0x1f, 0xd0, 0x5d, 0x3f, 0xab, 0x42, 0x1b, 
    0xfb, 0x07, 0xfb, 0x0f, 0x3c, 0xfb, 0x48, 0xfb, 0x47, 0xf7, 0x0f, 0x3c, 
    0xf7, 0x07, 0x1f, 0xf7, 0x85, 0xf7, 0xc4, 0x15, 0xef, 0x92, 0xcf, 0xb4, 
    0xd5, 0x1b, 0xe4, 0xbf, 0x45, 0x44, 0x8d, 0x1f, 0xfc, 0xa9, 0xfb, 0x7a, 
    0x15, 0x43, 0x3e, 0xc3, 0xf7, 0x14, 0xf7, 0x15, 0xd8, 0xc3, 0xd3, 0xd3, 
    0xd7, 0x53, 0xfb, 0x15, 0xda, 0x0a, 0x9e, 0xf7, 0x2b, 0x36, 0x0a, 0xfb, 
    0x91, 0xfd, 0xe4, 0x2a, 0x0a, 0x9e, 0xf8, 0x10, 0x4c, 0x0a, 0xfc, 0x06, 
    0xfd, 0x7f, 0x2a, 0x0a, 0x9e, 0xf7, 0x63, 0x3c, 0x0a, 0xfc, 0x2c, 0xfd, 
    0x78, 0x2a, 0x0a, 0x9e, 0x95, 0x16, 0x5a, 0x0a, 0xef, 0x06, 0xfb, 0x83, 
    0xf9, 0x14, 0x05, 0xa7, 0x9f, 0x9c, 0xac, 0xaf, 0x1a, 0xc6, 0x5d, 0xbd, 
    0x4e, 0x4d, 0x5a, 0x59, 0x50, 0x67, 0x9d, 0x6b, 0xa7, 0x77, 0x1e, 0xca, 
    0xb0, 0xb0, 0x0a, 0xfb, 0x0f, 0xfc, 0x57, 0xc0, 0x0a, 0x9e, 0xf7, 0xb4, 
    0x35, 0x0a, 0xfb, 0xaa, 0xfd, 0x7c, 0x2a, 0x0a, 0x9e, 0xf7, 0x93, 0x21, 
    0x0a, 0xfb, 0x89, 0xfd, 0x7c, 0x2a, 0x0a, 0x9e, 0xf7, 0x43, 0x46, 0x0a, 
    0xfb, 0x39, 0xfd, 0xd1, 0x2a, 0x0a, 0x3a, 0xf7, 0x11, 0x47, 0x0a, 0xdf, 
    0xfd, 0x3c, 0x22, 0x0a, 0x3a, 0xf7, 0x8b, 0x3e, 0x0a, 0x65, 0xfc, 0xdb, 
    0x22, 0x0a, 0x3a, 0xf0, 0xf8, 0xd3, 0x2b, 0x0a, 0x87, 0xfd, 0x44, 0x22, 
    0x0a, 0x3a, 0xf7, 0xde, 0x3b, 0x0a, 0xfb, 0x0d, 0xfc, 0xdf, 0x22, 0x0a, 
    0x3a, 0xf7, 0x31, 0xf8, 0xe2, 0x25, 0x0a, 0xfb, 0x33, 0xfc, 0xee, 0x22, 
    0x0a, 0x3a, 0xf7, 0x9d, 0xf8, 0xc3, 0x2f, 0x0a, 0x55, 0xfd, 0x09, 0x22, 
    0x0a, 0x3a, 0xf7, 0x6c, 0x20, 0x0a, 0x84, 0xfc, 0xdb, 0x22, 0x0a, 0xbc, 
    0xf7, 0xef, 0x39, 0x0a, 0x9f, 0xac, 0xf7, 0x05, 0x8f, 0xe9, 0xbe, 0xb9, 
    0xeb, 0x19, 0x88, 0x0a, 0xfb, 0x53, 0xee, 0xfb, 0x1e, 0xf7, 0x3e, 0x7b, 
    0x1f, 0x6e, 0x5c, 0x32, 0x0a, 0x20, 0xf7, 0xa1, 0x39, 0x0a, 0xa0, 0xad, 
    0xda, 0x91, 0xcd, 0xb8, 0xad, 0xc6, 0x19, 0x8c, 0x0a, 0xfb, 0x20, 0xd8, 
    0x24, 0xf7, 0x12, 0x7d, 0x1f, 0x6e, 0x5d, 0x32, 0x0a, 0x63, 0xf7, 0xab, 
    0x35, 0x0a, 0xfb, 0x5f, 0xfd, 0x7c, 0x2c, 0x0a, 0x63, 0xf7, 0x8a, 0x21, 
    0x0a, 0xfb, 0x3e, 0xfd, 0x7c, 0x2c, 0x0a, 0x63, 0xf7, 0x22, 0x36, 0x0a, 
    0xfb, 0x46, 0xfd, 0xe4, 0x2c, 0x0a, 0x63, 0xf7, 0x5a, 0x3c, 0x0a, 0xfb, 
    0xe1, 0xfd, 0x78, 0x2c, 0x0a, 0x47, 0xf7, 0x9d, 0xf8, 0xcf, 0x15, 0xd1, 
    0x06, 0x2e, 0xf7, 0x0d, 0x05, 0x97, 0x82, 0x80, 0x8e, 0x80, 0x1b, 0x76, 
    0x7a, 0x7a, 0x76, 0x82, 0x8e, 0x82, 0x99, 0x7c, 0x1f, 0x9d, 0x78, 0xaa, 
    0x72, 0xa5, 0x76, 0x08, 0x9b, 0xfc, 0xdb, 0x2d, 0x0a, 0x47, 0xf7, 0x7e, 
    0x20, 0x0a, 0xba, 0xfc, 0xdb, 0x2d, 0x0a, 0x47, 0xf7, 0x0b, 0xf8, 0xd3, 
    0x2b, 0x0a, 0xbd, 0xfd, 0x44, 0x2d, 0x0a, 0x47, 0xf7, 0x43, 0x33, 0x0a, 
    0x22, 0xfc, 0xee, 0x2d, 0x0a, 0xfb, 0x55, 0xf7, 0x4a, 0xf9, 0x7c, 0x15, 
    0xd7, 0x06, 0x21, 0xf6, 0x05, 0x95, 0x82, 0x7f, 0x8e, 0x81, 0x1b, 0x77, 
    0x7b, 0x7b, 0x77, 0x80, 0x91, 0x7f, 0x95, 0x82, 0x1f, 0x9d, 0x7c, 0xc4, 
    0x6a, 0x91, 0x87, 0x08, 0xfb, 0x08, 0xfd, 0x7c, 0x38, 0x0a, 0xfb, 0x55, 
    0xf7, 0x29, 0x21, 0x0a, 0x38, 0xfd, 0x7c, 0x38, 0x0a, 0xfb, 0x55, 0xb8, 
    0x36, 0x0a, 0x30, 0xfd, 0xe4, 0x38, 0x0a, 0xfb, 0x55, 0xf0, 0x3c, 0x0a, 
    0xfb, 0x8a, 0xfd, 0x78, 0x38, 0x0a, 0xfb, 0xdd, 0xf7, 0x0a, 0xf8, 0xcf, 
    0x15, 0xd1, 0x06, 0x2e, 0xf7, 0x0d, 0x05, 0x97, 0x82, 0x80, 0x8e, 0x80, 
    0x1b, 0x76, 0x7a, 0x7a, 0x76, 0x82, 0x8e, 0x82, 0x99, 0x7c, 0x1f, 0x9d, 
    0x78, 0xaa, 0x72, 0xa5, 0x76, 0x08, 0x87, 0xfc, 0xcf, 0x31, 0x0a, 0xfb, 
    0xdd, 0xe2, 0x20, 0x0a, 0xa6, 0xfc, 0xcf, 0x31, 0x0a, 0xfb, 0xdd, 0x6f, 
    0xf8, 0xd3, 0x2b, 0x0a, 0xa9, 0xfd, 0x38, 0x31, 0x0a, 0xfb, 0xdd, 0xa7, 
    0xf8, 0xe2, 0x25, 0x0a, 0xfb, 0x11, 0xfc, 0xe2, 0x31, 0x0a, 0xdd, 0xf8, 
    0x41, 0x4c, 0x0a, 0xfb, 0xf5, 0xfd, 0x7f, 0x53, 0x0a, 0xf7, 0x0c, 0xf7, 
    0xe7, 0x35, 0x0a, 0xa3, 0xfd, 0x88, 0x27, 0x0a, 0xf7, 0x0c, 0xf7, 0xc6, 
    0x21, 0x0a, 0xc4, 0xfd, 0x88, 0x27, 0x0a, 0xf7, 0x0c, 0xf7, 0x5e, 0x36, 
    0x0a, 0xbc, 0xfd, 0xf0, 0x27, 0x0a, 0xf7, 0x0c, 0xf8, 0x43, 0x4c, 0x0a, 
    0x47, 0xfd, 0x8b, 0x27, 0x0a, 0xf7, 0x0c, 0xf7, 0x96, 0x3c, 0x0a, 0x21, 
    0xfd, 0x84, 0x27, 0x0a, 0xde, 0xf7, 0xd4, 0x35, 0x0a, 0xa4, 0xfd, 0x88, 
    0x29, 0x0a, 0xde, 0xf7, 0xb3, 0x21, 0x0a, 0xc5, 0xfd, 0x88, 0x29, 0x0a, 
    0xde, 0xf7, 0x4b, 0x36, 0x0a, 0xbd, 0xfd, 0xf0, 0x29, 0x0a, 0xde, 0xf7, 
    0x83, 0xf9, 0x78, 0x25, 0x0a, 0x22, 0xfd, 0x84, 0x29, 0x0a, 0x7f, 0xf7, 
    0x84, 0x21, 0x0a, 0x96, 0xfd, 0x7c, 0x96, 0x0a, 0x4e, 0xf7, 0xf7, 0x3b, 
    0x0a, 0xfb, 0xb1, 0xfc, 0xd3, 0x4f, 0x0a, 0x54, 0xf7, 0x98, 0x3e, 0x0a, 
    0x9b, 0xfc, 0xdb, 0x28, 0x0a, 0x54, 0xf7, 0x79, 0x20, 0x0a, 0xba, 0xfc, 
    0xdb, 0x28, 0x0a, 0x54, 0xf7, 0x06, 0xf8, 0xd3, 0x2b, 0x0a, 0xbd, 0xfd, 
    0x44, 0x28, 0x0a, 0x54, 0xf7, 0xeb, 0x3b, 0x0a, 0x48, 0xfc, 0xdf, 0x28, 
    0x0a, 0x54, 0xf7, 0x3e, 0x33, 0x0a, 0x22, 0xfc, 0xee, 0x28, 0x0a, 0x44, 
    0xf7, 0x8f, 0xf8, 0xcf, 0x15, 0xd1, 0x06, 0x2e, 0xf7, 0x0d, 0x05, 0x97, 
    0x82, 0x80, 0x8e, 0x80, 0x1b, 0x76, 0x7a, 0x7a, 0x76, 0x82, 0x8e, 0x82, 
    0x99, 0x7c, 0x1f, 0x9d, 0x78, 0xaa, 0x72, 0xa5, 0x76, 0x08, 0x73, 0xfc, 
    0xdb, 0x24, 0x0a, 0x44, 0xf7, 0x70, 0x20, 0x0a, 0x92, 0xfc, 0xdb, 0x24, 
    0x0a, 0x44, 0xf4, 0xf8, 0xd3, 0x2b, 0x0a, 0x95, 0xfd, 0x44, 0x24, 0x0a, 
    0x44, 0xf7, 0x35, 0x33, 0x0a, 0xfb, 0x25, 0xfc, 0xee, 0x24, 0x0a, 0xfb, 
    0x46, 0xf7, 0x41, 0x20, 0x0a, 0xfb, 0x1c, 0xfd, 0x70, 0x4d, 0x0a, 0xfb, 
    0x46, 0xf7, 0x06, 0xf8, 0xe2, 0x25, 0x0a, 0xfb, 0xb4, 0xfd, 0x83, 0x4d, 
    0x0a, 0x80, 0xf7, 0xbe, 0x26, 0x0a, 0x89, 0xfd, 0x85, 0x69, 0x0a, 0xfb, 
    0x1c, 0xf7, 0x84, 0xf8, 0xcd, 0x37, 0x0a, 0x8a, 0xfc, 0xd9, 0x6e, 0x0a, 
    0x7f, 0xf7, 0x54, 0xf9, 0x78, 0x25, 0x0a, 0xfb, 0x2c, 0xfd, 0x78, 0x96, 
    0x0a, 0x8b, 0xf7, 0xc4, 0x26, 0x0a, 0xfb, 0x98, 0xfd, 0x79, 0x55, 0x0a, 
    0xfb, 0x27, 0xf7, 0x81, 0x2e, 0x0a, 0xfb, 0x59, 0xfc, 0xcd, 0x54, 0x0a, 
    0xf4, 0x7e, 0x0a, 0xab, 0xf7, 0xd4, 0x6a, 0x0a, 0xab, 0xf7, 0x01, 0x16, 
    0xf8, 0x39, 0xd8, 0xfb, 0x34, 0xf8, 0xe3, 0x53, 0x06, 0x39, 0x6e, 0x3b, 
    0x7c, 0x2b, 0x1b, 0x48, 0xf7, 0x46, 0xfc, 0x3f, 0xfb, 0x46, 0x07, 0x0e, 
    0xab, 0xda, 0x16, 0xf8, 0x75, 0xd8, 0xfc, 0x04, 0x06, 0xf7, 0x4f, 0xf7, 
    0x1b, 0xf7, 0x37, 0xf7, 0x1e, 0xf7, 0x2f, 0x1a, 0xf7, 0x04, 0x32, 0xca, 
    0xfb, 0x0f, 0xfb, 0x0a, 0x37, 0x4e, 0x2a, 0x73, 0x1e, 0xdf, 0x73, 0x05, 
    0xdc, 0x9b, 0xc8, 0xaa, 0xca, 0x1b, 0xda, 0xb9, 0x5c, 0x46, 0xfb, 0x0a, 
    0xfb, 0x1e, 0xfb, 0x13, 0xfb, 0x80, 0xfb, 0x42, 0x1f, 0x0e, 0xab, 0xf7, 
    0xce, 0x6c, 0x0a, 0xab, 0xf8, 0x13, 0x90, 0x0a, 0xab, 0xf7, 0xd0, 0x75, 
    0x0a, 0xab, 0xf7, 0xd8, 0x6f, 0x0a, 0xab, 0xf7, 0x3b, 0x16, 0xf4, 0x06, 
    0xf7, 0xaa, 0xf8, 0xdf, 0x05, 0xdc, 0xfc, 0x61, 0x3a, 0xf8, 0x04, 0x07, 
    0x0e, 0xab, 0xf7, 0xd3, 0x68, 0x0a, 0xab, 0xf7, 0x7e, 0x72, 0x0a, 0x9e, 
    0xf7, 0xcd, 0x52, 0x0a, 0xfb, 0xc3, 0xfd, 0x79, 0x2a, 0x0a, 0x3a, 0xf7, 
    0x9b, 0x41, 0x0a, 0x55, 0xfc, 0xd9, 0x22, 0x0a, 0x9e, 0x95, 0x16, 0x5a, 
    0x0a, 0x8a, 0x50, 0x0a, 0x8c, 0xa6, 0x0a, 0x3a, 0xf7, 0x65, 0x7f, 0xc4, 
    0x0a, 0x5a, 0x7f, 0x6c, 0x65, 0x62, 0x97, 0x0a, 0x82, 0xba, 0x83, 0xc4, 
    0xde, 0x1a, 0xf7, 0x08, 0x07, 0xf7, 0x1f, 0x4e, 0xc9, 0xfb, 0x1d, 0x32, 
    0x41, 0x5f, 0x3f, 0x70, 0x1e, 0x5e, 0x0a, 0xdb, 0xae, 0x5c, 0x37, 0x88, 
    0x1f, 0xfb, 0x5f, 0x74, 0xfb, 0x18, 0x69, 0xfb, 0x0a, 0x1a, 0x30, 0xd8, 
    0x57, 0xe9, 0x1e, 0x9d, 0xce, 0x15, 0x4f, 0x67, 0xaa, 0xba, 0xcf, 0xec, 
    0xa1, 0xf7, 0x2c, 0x9b, 0x1f, 0x6c, 0x07, 0xfb, 0x09, 0x40, 0x67, 0x3d, 
    0x1e, 0x0e, 0x63, 0xf7, 0x3a, 0x46, 0x0a, 0x31, 0xfd, 0xd1, 0x2c, 0x0a, 
    0x47, 0xf7, 0x23, 0x47, 0x0a, 0xf7, 0x1e, 0xfd, 0x3c, 0x2d, 0x0a, 0x63, 
    0xf7, 0xc4, 0x45, 0x0a, 0xfb, 0x78, 0xfd, 0x8e, 0x2c, 0x0a, 0x47, 0xf7, 
    0xad, 0x30, 0x0a, 0xfc, 0xee, 0x77, 0x0a, 0x63, 0xd7, 0x16, 0xf7, 0xde, 
    0x50, 0x0a, 0xa2, 0xae, 0x0a, 0x47, 0xf7, 0xad, 0x7f, 0x15, 0x8e, 0x06, 
    0x79, 0x78, 0x7f, 0x73, 0x6d, 0x1a, 0x5a, 0xad, 0x0a, 0xab, 0xa9, 0xa4, 
    0xa6, 0xb5, 0xa3, 0x1f, 0xb1, 0x9d, 0xa8, 0xa5, 0x9f, 0xab, 0x3a, 0xa3, 
    0x18, 0x81, 0x0a, 0x63, 0xf7, 0xc4, 0x26, 0x0a, 0xfb, 0x78, 0xfd, 0x79, 
    0x2c, 0x0a, 0x47, 0xf7, 0xad, 0x2e, 0x0a, 0xfc, 0xd9, 0x77, 0x0a, 0xf7, 
    0x0c, 0xf7, 0x8e, 0xf9, 0x7c, 0x34, 0x0a, 0xfb, 0x15, 0xfe, 0x03, 0x27, 
    0x0a, 0x54, 0xf7, 0x36, 0xf8, 0xd0, 0x34, 0x0a, 0xfb, 0x14, 0xfd, 0x57, 
    0x28, 0x0a, 0xfb, 0x55, 0xd0, 0x46, 0x0a, 0x88, 0xfd, 0xd1, 0x38, 0x0a, 
    0xfb, 0xdd, 0x87, 0x47, 0x0a, 0xf7, 0x0a, 0xfd, 0x30, 0x31, 0x0a, 0xfb, 
    0x55, 0xcd, 0x16, 0xf6, 0x50, 0x0a, 0xd6, 0x59, 0x0a, 0xfb, 0xdd, 0xa7, 
    0x0a, 0x6f, 0xfd, 0x8f, 0x9e, 0x0a, 0x92, 0xf8, 0x84, 0xfb, 0x2d, 0x48, 
    0xd0, 0xfc, 0x41, 0xba, 0x0a, 0xbc, 0xf7, 0xbb, 0x21, 0x0a, 0xc5, 0xfd, 
    0x88, 0x7a, 0x0a, 0x20, 0xf7, 0x78, 0x20, 0x0a, 0xb4, 0xfc, 0xdb, 0x3a, 
    0x0a, 0xbc, 0xf7, 0xf5, 0x45, 0x0a, 0xfd, 0x9a, 0x79, 0x0a, 0x20, 0xf7, 
    0xa7, 0x30, 0x0a, 0x85, 0xfc, 0xee, 0x3a, 0x0a, 0x80, 0xf7, 0x84, 0x21, 
    0x0a, 0xc3, 0xfd, 0x88, 0x69, 0x0a, 0xfb, 0x1c, 0xf7, 0x55, 0x20, 0x0a, 
    0xb9, 0xfc, 0xdb, 0x6e, 0x0a, 0xde, 0xf7, 0x63, 0x46, 0x0a, 0xf7, 0x1e, 
    0xfd, 0xdd, 0x29, 0x0a, 0x44, 0xf7, 0x15, 0x47, 0x0a, 0xed, 0xfd, 0x3c, 
    0x24, 0x0a, 0xde, 0xf7, 0xef, 0xf9, 0x32, 0x2f, 0x0a, 0xfd, 0x78, 0x04, 
    0xf7, 0x57, 0xd5, 0xeb, 0xf7, 0x57, 0x1f, 0x9d, 0x0a, 0xfb, 0x57, 0xd6, 
    0x2b, 0xf7, 0x56, 0x1e, 0x0e, 0x44, 0xf7, 0xa1, 0xf8, 0xc3, 0x2f, 0x0a, 
    0x63, 0xfd, 0x09, 0x24, 0x0a, 0xde, 0xf7, 0x7b, 0xf9, 0x7c, 0x34, 0x0a, 
    0xfb, 0x14, 0xfe, 0x03, 0x29, 0x0a, 0x44, 0xf7, 0x2d, 0xf8, 0xd0, 0x34, 
    0x0a, 0xfb, 0x3c, 0xfd, 0x57, 0x24, 0x0a, 0xde, 0xf8, 0x00, 0xab, 0x0a, 
    0xa7, 0xa8, 0xa2, 0x9e, 0xb5, 0x9c, 0x1f, 0xf7, 0x2a, 0x9e, 0xc6, 0xea, 
    0xf7, 0x42, 0x1a, 0xf8, 0x19, 0x2d, 0xfc, 0x20, 0x07, 0xfb, 0x18, 0x5c, 
    0x44, 0xfb, 0x14, 0xfb, 0x14, 0x5c, 0xd2, 0xf7, 0x18, 0x1e, 0xf8, 0x20, 
    0x2d, 0xfc, 0x19, 0x07, 0xfb, 0x4b, 0xcd, 0x2b, 0xf7, 0x3c, 0x80, 0x1e, 
    0x76, 0x7b, 0x78, 0x71, 0x65, 0x65, 0x0a, 0x1e, 0x0e, 0x44, 0xf7, 0x77, 
    0x7f, 0x15, 0xdd, 0xb8, 0xaf, 0xbb, 0xa7, 0x1f, 0x9f, 0x47, 0x05, 0x51, 
    0x81, 0x68, 0x67, 0x5a, 0x97, 0x0a, 0xf8, 0x85, 0x37, 0xfb, 0xa5, 0x07, 
    0x21, 0x5c, 0x53, 0x3c, 0x30, 0x7e, 0xcd, 0xd8, 0x1e, 0xf7, 0xb8, 0xbd, 
    0x0a, 0xdd, 0xf7, 0xc4, 0xf9, 0x7c, 0x15, 0x51, 0x0a, 0xfb, 0x78, 0xfd, 
    0x7c, 0x53, 0x0a, 0x4e, 0xf7, 0x85, 0x20, 0x0a, 0xfb, 0x3f, 0xfc, 0xcf, 
    0x4f, 0x0a, 0xdd, 0xf7, 0xfe, 0x26, 0x0a, 0xfb, 0xb2, 0xfd, 0x79, 0x53, 
    0x0a, 0x4e, 0xf7, 0xb4, 0x2e, 0x0a, 0xfb, 0x6e, 0xfc, 0xcd, 0x4f, 0x0a, 
    0x8b, 0xf7, 0x8a, 0x21, 0x0a, 0xfb, 0x5e, 0xfd, 0x7c, 0x55, 0x0a, 0xfb, 
    0x27, 0xf7, 0x52, 0xf8, 0xcf, 0x15, 0x40, 0x0a, 0xfb, 0x2a, 0xfc, 0xcf, 
    0x54, 0x0a, 0x8b, 0xf7, 0xc4, 0x45, 0x0a, 0xfb, 0x98, 0xfd, 0x8e, 0x55, 
    0x0a, 0xfb, 0x27, 0xf7, 0x81, 0x30, 0x0a, 0xfb, 0x59, 0xfc, 0xe2, 0x54, 
    0x0a, 0xf2, 0xe1, 0x16, 0xe9, 0xf7, 0xc3, 0xf7, 0xf2, 0xfb, 0xc3, 0xe9, 
    0xf8, 0x8c, 0xd7, 0xd8, 0x3f, 0xe2, 0x2d, 0x34, 0xfb, 0xf2, 0xe2, 0x2d, 
    0x34, 0x3f, 0x3e, 0xd7, 0x06, 0xe9, 0xfb, 0x0c, 0x15, 0xf7, 0x0c, 0xf7, 
    0xf2, 0xfb, 0x0c, 0x07, 0x0e, 0x71, 0xf4, 0x16, 0x43, 0x0a, 0xf7, 0x13, 
    0xf7, 0x34, 0xce, 0xfb, 0x34, 0xc0, 0x37, 0x56, 0x36, 0x48, 0xe0, 0x07, 
    0x0e, 0xf2, 0xf7, 0xfb, 0x52, 0x0a, 0x84, 0xfd, 0x85, 0x73, 0x0a, 0x5c, 
    0xf7, 0xa0, 0x41, 0x0a, 0x91, 0xfd, 0x8d, 0x4b, 0x0a, 0xf2, 0xf7, 0xfb, 
    0x45, 0x0a, 0x84, 0xfd, 0x9a, 0x73, 0x0a, 0x5c, 0xf7, 0xa0, 0x30, 0x0a, 
    0x91, 0xfd, 0xa2, 0x4b, 0x0a, 0x5c, 0xf8, 0x01, 0xf9, 0x99, 0x15, 0x45, 
    0x59, 0x5f, 0x4c, 0x6b, 0x9b, 0x69, 0xb3, 0x76, 0x1f, 0xc7, 0xa5, 0x05, 
    0x66, 0x98, 0x7e, 0xa5, 0xa5, 0x1a, 0xc9, 0xc9, 0x92, 0xab, 0x1e, 0xfb, 
    0x17, 0xfe, 0x37, 0x4b, 0x0a, 0x47, 0xc2, 0x0a, 0xf7, 0x47, 0x3f, 0x0a, 
    0xfc, 0x04, 0xa5, 0x0a, 0x2f, 0xfb, 0x8e, 0x23, 0x0a, 0x5a, 0xf7, 0xab, 
    0x26, 0x0a, 0x5c, 0xfd, 0x79, 0x15, 0xbf, 0x0a, 0x0e, 0xfc, 0x04, 0xf7, 
    0x59, 0xf8, 0x82, 0x42, 0x0a, 0x81, 0xfc, 0x82, 0x15, 0xb0, 0xd5, 0x78, 
    0x06, 0x5c, 0x87, 0x98, 0xbe, 0x1f, 0xf8, 0xa5, 0x37, 0xfc, 0xb3, 0xd9, 
    0x0a, 0x47, 0xf7, 0xc9, 0xf8, 0x84, 0x15, 0xbc, 0x06, 0xb5, 0xf7, 0x06, 
    0x05, 0x8e, 0x94, 0x91, 0x56, 0x0a, 0xfb, 0x7d, 0xfc, 0x84, 0x15, 0xca, 
    0x0a, 0x0e, 0xfb, 0xaf, 0xf7, 0x84, 0xf8, 0xb9, 0x42, 0x0a, 0x78, 0xfc, 
    0xb9, 0x15, 0xca, 0xd5, 0x5e, 0x06, 0x5b, 0x88, 0x98, 0xbe, 0x1f, 0xf7, 
    0xb7, 0xeb, 0xce, 0x2b, 0xf7, 0x11, 0x37, 0xfb, 0x11, 0x37, 0x48, 0xdf, 
    0xfb, 0xc5, 0xd9, 0x0a, 0xdd, 0x9b, 0x0a, 0xf7, 0x4d, 0x3f, 0x0a, 0x4e, 
    0x8d, 0x0a, 0xf7, 0x1d, 0xfd, 0x7e, 0x23, 0x0a, 0x96, 0xf7, 0x89, 0x21, 
    0x0a, 0xfb, 0x3d, 0xfd, 0x7c, 0x82, 0x0a, 0xfb, 0x9f, 0xf7, 0x2c, 0x20, 
    0x0a, 0x39, 0xfc, 0xcf, 0x92, 0x0a, 0x96, 0xf7, 0xc3, 0x26, 0x0a, 0xfb, 
    0x77, 0xfd, 0x79, 0x82, 0x0a, 0xfb, 0x9f, 0xf7, 0x5b, 0x2e, 0x0a, 0xfb, 
    0x15, 0xfc, 0xcd, 0x92, 0x0a, 0xf4, 0x7e, 0x0a, 0x87, 0xf7, 0x8f, 0x7f, 
    0xb4, 0x0a, 0xf7, 0xfd, 0xdd, 0xce, 0x39, 0xc0, 0x37, 0x56, 0xfb, 0x37, 
    0x48, 0xf7, 0x37, 0xfb, 0x16, 0x87, 0x0a, 0xcd, 0xf7, 0xdb, 0x26, 0x0a, 
    0xfb, 0x8f, 0xfd, 0x79, 0x15, 0xf7, 0x4a, 0x06, 0xf7, 0x68, 0xf7, 0x2d, 
    0xda, 0xf7, 0x94, 0xf7, 0x92, 0xfb, 0x2d, 0xda, 0xfb, 0x68, 0x1f, 0xfb, 
    0x4a, 0x06, 0xe9, 0xfc, 0xe1, 0x15, 0xf8, 0x92, 0x57, 0x0a, 0x69, 0xf8, 
    0xb1, 0xf8, 0x82, 0x42, 0x0a, 0xfb, 0xb6, 0xfc, 0x8e, 0x76, 0x0a, 0x9f, 
    0x8e, 0x0a, 0xf7, 0x50, 0x3f, 0x0a, 0xfb, 0x09, 0x91, 0x0a, 0xf7, 0x17, 
    0x3f, 0x0a, 0xf2, 0x71, 0x0a, 0x5c, 0xfb, 0x82, 0x23, 0x0a, 0xbc, 0xf7, 
    0xf5, 0x26, 0x0a, 0xfd, 0x85, 0x79, 0x0a, 0x20, 0xf7, 0xa7, 0x2e, 0x0a, 
    0x85, 0xfc, 0xd9, 0x3a, 0x0a, 0x80, 0xf7, 0xbd, 0x39, 0x0a, 0xa0, 0xad, 
    0x05, 0xf7, 0x10, 0x91, 0xf7, 0x08, 0xd0, 0xf7, 0x0a, 0x1a, 0xf7, 0x13, 
    0x2c, 0xb5, 0x25, 0xa4, 0x1e, 0x7b, 0x0a, 0xab, 0x28, 0xeb, 0x59, 0xf0, 
    0x83, 0x19, 0x6e, 0x5d, 0x32, 0x0a, 0xfb, 0x1c, 0xf7, 0x79, 0x39, 0x0a, 
    0x9f, 0xac, 0x05, 0xef, 0x8e, 0xe9, 0xc1, 0xe6, 0x1a, 0xf4, 0x3c, 0xa8, 
    0x3c, 0x9b, 0x1e, 0x80, 0x0a, 0xa7, 0x42, 0xd0, 0x64, 0xd5, 0x81, 0x19, 
    0x6d, 0x5c, 0x32, 0x0a, 0x80, 0x67, 0x0a, 0x5b, 0xfb, 0x82, 0x23, 0x0a, 
    0x5a, 0x89, 0x0a, 0x5a, 0x89, 0x0a, 0xf8, 0xcf, 0x04, 0x40, 0x0a, 0x0e, 
    0xf9, 0x7c, 0x04, 0x51, 0x0a, 0x0e, 0xf7, 0x27, 0x41, 0x0a, 0x0e, 0xf7, 
    0x27, 0x52, 0x0a, 0x0e, 0xfc, 0x67, 0x9f, 0xf8, 0x83, 0x15, 0xbc, 0x06, 
    0xb5, 0xf7, 0x06, 0x05, 0x8f, 0x94, 0x90, 0x56, 0x0a, 0x0e, 0xf7, 0x36, 
    0xf8, 0xcd, 0x37, 0x0a, 0x0e, 0x9f, 0xf8, 0x83, 0x42, 0x0a, 0x0e, 0xf7, 
    0x36, 0xf9, 0x79, 0x37, 0x0a, 0x0e, 0xe3, 0xfb, 0x49, 0x15, 0xcc, 0xab, 
    0xb4, 0xb1, 0xab, 0x74, 0xa8, 0x5d, 0x82, 0x81, 0x89, 0x89, 0x80, 0x1f, 
    0xa9, 0xbc, 0x69, 0xa0, 0x58, 0x39, 0x05, 0x89, 0x88, 0x8a, 0x88, 0x87, 
    0x1a, 0x7f, 0x95, 0x7f, 0x9d, 0x90, 0x1e, 0x8e, 0x97, 0x95, 0x8d, 0x94, 
    0x1b, 0xa4, 0x96, 0x7f, 0x7e, 0x7b, 0x7a, 0x79, 0x69, 0x7b, 0x78, 0x8f, 
    0x95, 0x74, 0x1f, 0x7d, 0x68, 0x05, 0x7d, 0xad, 0xa8, 0x85, 0xa4, 0x1b, 
    0x0e, 0xf8, 0xd3, 0x04, 0x85, 0x0a, 0xf9, 0x7f, 0x04, 0x85, 0x0a, 0xb3, 
    0xfb, 0x8e, 0x23, 0x0a, 0xc1, 0x33, 0x0a, 0x0e, 0xc1, 0xf9, 0x78, 0x25, 
    0x0a, 0x0e, 0xc1, 0x30, 0x0a, 0x0e, 0xc1, 0xf9, 0x8e, 0x58, 0x0a, 0x0e, 
    0xc4, 0xf8, 0x10, 0x7f, 0x15, 0xf7, 0x02, 0xe6, 0xbf, 0xee, 0xb8, 0x1f, 
    0x3e, 0xa7, 0x05, 0x4f, 0x6e, 0x54, 0x63, 0x3b, 0x1b, 0x2f, 0x45, 0xca, 
    0xf7, 0x02, 0x71, 0x1f, 0xf7, 0x26, 0x06, 0xa7, 0xbe, 0x05, 0xfb, 0x4a, 
    0x06, 0x8a, 0x9a, 0x8b, 0xc4, 0x8c, 0x99, 0x08, 0xf7, 0x79, 0x06, 0xa7, 
    0xbe, 0x05, 0xfb, 0x8d, 0x06, 0xf7, 0x05, 0xa4, 0xd3, 0xc7, 0xe3, 0x1b, 
    0xdc, 0xc1, 0x62, 0x4f, 0xa7, 0x1f, 0xd9, 0xa7, 0x05, 0xec, 0x5f, 0x33, 
    0xc2, 0x23, 0x1b, 0xfb, 0x28, 0x23, 0x29, 0xfb, 0x2e, 0x6e, 0x1f, 0x4c, 
    0x06, 0x6f, 0x58, 0x05, 0xe0, 0x06, 0x8a, 0x7c, 0x8b, 0x53, 0x8c, 0x7c, 
    0x08, 0x52, 0x06, 0x6f, 0x58, 0x05, 0xe6, 0x06, 0xfb, 0x2c, 0xa7, 0xec, 
    0x27, 0xf7, 0x29, 0x1b, 0x0e, 0xfb, 0x57, 0xf7, 0x75, 0xf8, 0x27, 0x94, 
    0x0a, 0xe7, 0x3e, 0x0a, 0x0e, 0xec, 0x35, 0x0a, 0x0e, 0xf8, 0xd0, 0x04, 
    0x66, 0x0a, 0xf9, 0x7c, 0x04, 0x66, 0x0a, 0xfb, 0xdd, 0xf7, 0x06, 0x16, 
    0xc9, 0x0a, 0xf8, 0xed, 0x04, 0xbe, 0x0a, 0xf9, 0x8e, 0x04, 0xbe, 0x0a, 
    0x57, 0xd1, 0xfb, 0x36, 0x15, 0xdf, 0xde, 0x06, 0xae, 0x83, 0xae, 0x84, 
    0xac, 0x1e, 0x76, 0xa0, 0xab, 0x7d, 0xba, 0x1b, 0xd6, 0xba, 0xad, 0xbd, 
    0xa8, 0x1f, 0x5f, 0x97, 0xaa, 0x6e, 0xba, 0x1b, 0xaa, 0x9c, 0x8f, 0x8e, 
    0x97, 0x1f, 0xd4, 0x07, 0x89, 0x83, 0x83, 0x88, 0x7d, 0x1b, 0x6f, 0x7e, 
    0x95, 0xb0, 0x1f, 0xf8, 0x0a, 0x37, 0xfb, 0x98, 0x07, 0xfb, 0x11, 0x52, 
    0x59, 0x47, 0x45, 0x67, 0xb0, 0xef, 0x1e, 0xf7, 0xbe, 0x37, 0x07, 0x0e, 
    0xe9, 0x8b, 0x0a, 0xe9, 0xab, 0x0a, 0xa7, 0xad, 0xaa, 0x9f, 0xc3, 0x9f, 
    0x1f, 0x27, 0x06, 0x71, 0x7d, 0x6c, 0x6e, 0x5b, 0x65, 0x0a, 0x1e, 0x0e, 
    0xf7, 0x03, 0xf8, 0xc3, 0x2f, 0x0a, 0x0e, 0xf7, 0x03, 0xf9, 0x32, 0x2f, 
    0x0a, 0x0e, 0xfb, 0x1c, 0x6d, 0x0a, 0x50, 0xfb, 0x82, 0x23, 0x0a, 0xfb, 
    0x97, 0xb1, 0xf7, 0x64, 0x15, 0xf7, 0xa4, 0xdc, 0xfb, 0xa4, 0x06, 0x0e, 
    0xfb, 0xaf, 0xf7, 0x71, 0x16, 0x9c, 0x0a, 0x3d, 0x98, 0x6c, 0xb9, 0x81, 
    0x1e, 0x65, 0x4d, 0x8a, 0x0a, 0xcc, 0xab, 0xb4, 0xb1, 0xab, 0x74, 0xa8, 
    0x5d, 0x82, 0x81, 0x89, 0x89, 0x80, 0x1f, 0xa7, 0xb8, 0x05, 0x8f, 0x8f, 
    0x8b, 0x90, 0x1b, 0x0e, 0xfb, 0xaf, 0x7c, 0x0a, 0xfb, 0xaf, 0x7c, 0x0a, 
    0xf7, 0x7c, 0xf8, 0xd3, 0x3d, 0x0a, 0x0e, 0xf7, 0x7c, 0xf9, 0x7f, 0x3d, 
    0x0a, 0x0e, 0x7f, 0x97, 0xf8, 0x84, 0x93, 0xf7, 0x38, 0x97, 0x06, 0xfb, 
    0x41, 0x97, 0x07, 0x1e, 0xa0, 0x62, 0x5f, 0x0c, 0x09, 0x8b, 0x0c, 0x0b, 
    0xce, 0x0a, 0xdf, 0x0b, 0xce, 0x92, 0x92, 0x0c, 0x0c, 0xdf, 0x95, 0x99, 
    0xa0, 0x0c, 0x0d, 0xf8, 0xf3, 0x15, 0xb5, 0x13, 0x00, 0xbc, 0x02, 0x00, 
    0x01, 0x00, 0x07, 0x00, 0x0d, 0x00, 0x53, 0x00, 0x6d, 0x00, 0x8c, 0x00, 
    0xa7, 0x00, 0xac, 0x00, 0xe4, 0x01, 0x0f, 0x01, 0x21, 0x01, 0x24, 0x01, 
    0x28, 0x01, 0x2b, 0x01, 0x2e, 0x01, 0x33, 0x01, 0x4a, 0x01, 0x4f, 0x01, 
    0x52, 0x01, 0x55, 0x01, 0x5a, 0x01, 0x5e, 0x01, 0x7e, 0x01, 0x83, 0x01, 
    0xa2, 0x01, 0xa7, 0x01, 0xb9, 0x01, 0xcb, 0x01, 0xd0, 0x01, 0xd5, 0x02, 
    0x09, 0x02, 0x2a, 0x02, 0x2e, 0x02, 0x4f, 0x02, 0x54, 0x02, 0x61, 0x02, 
    0x81, 0x02, 0x8b, 0x02, 0x90, 0x02, 0x95, 0x02, 0x9a, 0x02, 0xa1, 0x02, 
    0xa8, 0x02, 0xae, 0x03, 0x00, 0x03, 0x05, 0x03, 0x2f, 0x03, 0x44, 0x03, 
    0x4d, 0x03, 0x5d, 0x03, 0x7e, 0x03, 0x83, 0x03, 0x87, 0x03, 0xa0, 0x03, 
    0xb9, 0x03, 0xcf, 0x03, 0xe1, 0x03, 0xf4, 0x04, 0x03, 0x04, 0x11, 0x04, 
    0x1c, 0x04, 0x24, 0x04, 0x2e, 0x04, 0x38, 0x04, 0x41, 0x04, 0x48, 0x04, 
    0x4f, 0x04, 0x56, 0x04, 0x5c, 0x04, 0x62, 0x04, 0x68, 0x04, 0x6b, 0x04, 
    0x71, 0x04, 0xcb, 0x04, 0xce, 0x05, 0x26, 0x05, 0x42, 0x05, 0x94, 0x05, 
    0x9a, 0x05, 0x9d, 0x05, 0xea, 0x05, 0xff, 0x06, 0x05, 0x06, 0x4e, 0x06, 
    0x51, 0x06, 0x82, 0x06, 0xc7, 0x06, 0xd0, 0x06, 0xd3, 0x06, 0xde, 0x06, 
    0xe1, 0x06, 0xe4, 0x07, 0x24, 0x07, 0x2b, 0x07, 0x3e, 0x07, 0x58, 0x07, 
    0x6d, 0x07, 0xa9, 0x07, 0xdc, 0x07, 0xdf, 0x08, 0x16, 0x08, 0x34, 0x08, 
    0x37, 0x08, 0x54, 0x08, 0x6b, 0x08, 0x82, 0x08, 0x89, 0x08, 0xb4, 0x08, 
    0xbb, 0x08, 0xe5, 0x08, 0xef, 0x09, 0x16, 0x09, 0x1b, 0x09, 0x3e, 0x09, 
    0x62, 0x09, 0x65, 0x09, 0x70, 0x09, 0x7b, 0x09, 0x9b, 0x09, 0x9e, 0x09, 
    0xa8, 0x09, 0xbe, 0x09, 0xce, 0x09, 0xda, 0x09, 0xdf, 0x09, 0xf9, 0x0a, 
    0x13, 0x0a, 0x1d, 0x0a, 0x30, 0x0a, 0x4a, 0x0a, 0x64, 0x0a, 0x67, 0x0a, 
    0x7e, 0x0a, 0x85, 0x0a, 0x9d, 0x0a, 0xaa, 0x0a, 0xc1, 0x0a, 0xc6, 0x0a, 
    0xca, 0x0a, 0xd0, 0x0a, 0xd5, 0x0a, 0xea, 0x0a, 0xf6, 0x0b, 0x01, 0x0b, 
    0x0e, 0x0b, 0x21, 0x0b, 0x2b, 0x0b, 0x3e, 0x0b, 0x51, 0x0b, 0x64, 0x0b, 
    0x75, 0x0b, 0x7b, 0x0b, 0x8b, 0x0b, 0x9a, 0x0b, 0xa9, 0x0b, 0xb3, 0x0b, 
    0xc1, 0x0b, 0xc6, 0x0b, 0xd2, 0x0b, 0xd9, 0x0b, 0xe6, 0x0b, 0xf1, 0x0b, 
    0xfd, 0x0c, 0x02, 0x0c, 0x0d, 0x0c, 0x18, 0x0c, 0x1c, 0x0c, 0x27, 0x0c, 
    0x32, 0x0c, 0x3b, 0x0c, 0x44, 0x0c, 0x4b, 0x0c, 0x55, 0x0c, 0x5f, 0x0c, 
    0x66, 0x0c, 0x70, 0x0c, 0x7a, 0x0c, 0x84, 0x0c, 0x8c, 0x0c, 0x95, 0x0c, 
    0x9e, 0x0c, 0xa7, 0x0c, 0xb0, 0x0c, 0xb9, 0x0c, 0xc2, 0x0c, 0xcb, 0x0c, 
    0xd2, 0x0c, 0xd9, 0x0c, 0xdf, 0xf8, 0xcf, 0x15, 0x40, 0x0a, 0x0b, 0xf9, 
    0x7c, 0x15, 0x51, 0x0a, 0x0b, 0xc4, 0x0a, 0xd8, 0x06, 0x82, 0xba, 0x83, 
    0xc4, 0xde, 0x1a, 0xf7, 0x08, 0x07, 0xf7, 0x1f, 0x4e, 0xc9, 0xfb, 0x1d, 
    0x32, 0x41, 0x5f, 0x3f, 0x70, 0x1e, 0x5e, 0x0a, 0xdb, 0xae, 0x5c, 0x37, 
    0x88, 0x1f, 0xfb, 0x5f, 0x74, 0xfb, 0x18, 0x69, 0xfb, 0x0a, 0x1a, 0x30, 
    0xd8, 0x57, 0xe9, 0x1e, 0x9d, 0xce, 0x15, 0x4f, 0x67, 0xaa, 0xba, 0xcf, 
    0xec, 0xa1, 0xf7, 0x2c, 0x9b, 0x1f, 0x6c, 0x07, 0xfb, 0x09, 0x40, 0x67, 
    0x3d, 0x1e, 0x0e, 0x15, 0xd1, 0xbd, 0xb7, 0xca, 0xab, 0x7b, 0xad, 0x63, 
    0xa0, 0x1f, 0x4f, 0x71, 0x05, 0xb0, 0x7e, 0x98, 0x71, 0x71, 0x1a, 0x4d, 
    0x4d, 0x84, 0x6b, 0x1e, 0x0e, 0x15, 0xdd, 0xb8, 0xaf, 0xbb, 0xa7, 0x1f, 
    0xa0, 0x43, 0x05, 0xca, 0xf8, 0x85, 0x37, 0xfb, 0xa5, 0x06, 0x21, 0x5c, 
    0x53, 0x3c, 0x4d, 0x61, 0xa7, 0xf7, 0x02, 0x1e, 0xf7, 0xbd, 0xbd, 0x0a, 
    0x15, 0xd8, 0x0a, 0x6d, 0x73, 0x73, 0x6e, 0x6d, 0xa3, 0x73, 0xa9, 0x1f, 
    0xf7, 0x67, 0x16, 0xd8, 0x0a, 0x6e, 0x73, 0x73, 0x6e, 0x6d, 0xa3, 0x73, 
    0xa8, 0x1f, 0x0b, 0xf9, 0x79, 0x37, 0x0a, 0x0b, 0x15, 0xf7, 0x55, 0xf7, 
    0x0d, 0xf7, 0x25, 0xf7, 0x5e, 0xf7, 0x5d, 0xfb, 0x0d, 0xf7, 0x24, 0xfb, 
    0x55, 0xfb, 0x54, 0xfb, 0x0d, 0xfb, 0x24, 0xfb, 0x5d, 0x5f, 0x0a, 0x1f, 
    0xda, 0x04, 0xfb, 0x0d, 0x2b, 0xea, 0xf7, 0x41, 0xf7, 0x40, 0xeb, 0xe9, 
    0xf7, 0x0d, 0xf7, 0x0e, 0xeb, 0x2d, 0xfb, 0x40, 0xfb, 0x41, 0x2b, 0x2c, 
    0xfb, 0x0e, 0x1f, 0x0e, 0xd5, 0x0a, 0xf7, 0x47, 0xfb, 0x0f, 0xda, 0xfb, 
    0x07, 0xfb, 0x06, 0xfb, 0x10, 0x3c, 0xfb, 0x47, 0xfb, 0x47, 0xf7, 0x10, 
    0x3c, 0xf7, 0x06, 0x1f, 0xd5, 0x04, 0x44, 0x3e, 0xc3, 0xf7, 0x14, 0xf7, 
    0x14, 0xd8, 0xc3, 0xd2, 0xd3, 0xd7, 0x53, 0xfb, 0x14, 0xda, 0x0a, 0x15, 
    0xf7, 0x57, 0xd5, 0xeb, 0xf7, 0x57, 0x1f, 0x9d, 0x0a, 0xfb, 0x57, 0xd6, 
    0x2b, 0xf7, 0x56, 0x1e, 0x0e, 0x15, 0x8f, 0x0a, 0x15, 0xa0, 0x0a, 0x0b, 
    0x15, 0xa9, 0x0a, 0x15, 0x78, 0x0a, 0xf8, 0xcd, 0x37, 0x0a, 0x0b, 0x15, 
    0xc8, 0xb9, 0xbd, 0xc6, 0xc6, 0x5d, 0xbd, 0x4e, 0x4d, 0x5a, 0x59, 0x50, 
    0x50, 0xbc, 0x59, 0xc9, 0x1f, 0x89, 0xc5, 0xb0, 0x0a, 0x0b, 0xf8, 0xe2, 
    0x58, 0x0a, 0x0b, 0x15, 0xc9, 0x0a, 0x8a, 0x0a, 0x0e, 0xf8, 0xe2, 0x25, 
    0x0a, 0x0b, 0x15, 0x86, 0x0a, 0x0b, 0xf9, 0x7c, 0x15, 0xd7, 0x06, 0x21, 
    0xf6, 0x05, 0x95, 0x82, 0x7f, 0x8e, 0x81, 0x1b, 0x77, 0x7b, 0x7b, 0x77, 
    0x80, 0x91, 0x7f, 0x95, 0x82, 0x1f, 0x9d, 0x7c, 0xc4, 0x6a, 0x91, 0x87, 
    0x08, 0x0b, 0xf9, 0x7f, 0x2b, 0x0a, 0x0b, 0x15, 0x9c, 0x9d, 0x91, 0x98, 
    0x99, 0x1f, 0xf7, 0x04, 0xf0, 0x05, 0x2d, 0x06, 0x47, 0x4e, 0x48, 0xc8, 
    0x05, 0x2d, 0x06, 0xf7, 0x04, 0x26, 0x05, 0x7e, 0x99, 0x9d, 0x85, 0x9d, 
    0x1b, 0x0b, 0x15, 0xf7, 0xae, 0x59, 0x0a, 0xfb, 0x49, 0x15, 0xcc, 0xab, 
    0xb4, 0xb1, 0xab, 0x74, 0xa8, 0x5d, 0x82, 0x81, 0x89, 0x89, 0x80, 0x1f, 
    0x0b, 0x15, 0xe3, 0xd4, 0xba, 0xcb, 0xb0, 0x1f, 0x8c, 0x0a, 0xfb, 0x2a, 
    0xe4, 0xfb, 0x00, 0xf7, 0x22, 0x1f, 0x0e, 0xf8, 0xd3, 0x3d, 0x0a, 0x0b, 
    0xf9, 0x78, 0x25, 0x0a, 0x0b, 0x15, 0xc1, 0xb6, 0xb7, 0xa9, 0x9b, 0x7f, 
    0x9a, 0x78, 0x81, 0x80, 0x86, 0x7d, 0x83, 0x1f, 0x7c, 0x82, 0x81, 0x83, 
    0x77, 0x61, 0x71, 0xb6, 0x53, 0x1b, 0x56, 0x62, 0x6a, 0x44, 0x7f, 0x1f, 
    0xcc, 0x06, 0xa5, 0x8e, 0x9a, 0x9a, 0xa3, 0x1b, 0x9f, 0x9c, 0x80, 0x80, 
    0x9f, 0x1f, 0x7d, 0xa5, 0x9f, 0x84, 0xa1, 0x1b, 0x0b, 0xf8, 0xcf, 0x15, 
    0xd1, 0x06, 0x2e, 0xf7, 0x0d, 0x05, 0x97, 0x82, 0x80, 0x8e, 0x80, 0x1b, 
    0x76, 0x7a, 0x7a, 0x76, 0x82, 0x8e, 0x82, 0x99, 0x7c, 0x1f, 0x9d, 0x78, 
    0xaa, 0x72, 0xa5, 0x76, 0x08, 0x0b, 0xfe, 0x2a, 0x23, 0x0a, 0xd1, 0x06, 
    0x91, 0x90, 0xc5, 0xbb, 0x9a, 0x9c, 0x08, 0x95, 0x95, 0x8e, 0x94, 0x94, 
    0x1a, 0xa1, 0x7a, 0x9b, 0x76, 0x81, 0x80, 0x87, 0x82, 0x84, 0x1e, 0x79, 
    0x78, 0x45, 0x2d, 0x83, 0x81, 0x08, 0x0b, 0xf8, 0xcd, 0x84, 0x0a, 0x0b, 
    0x15, 0xbc, 0x06, 0xb5, 0xf7, 0x06, 0x05, 0x8e, 0x94, 0x91, 0x56, 0x0a, 
    0x0b, 0xdf, 0xf7, 0xa1, 0x06, 0xf5, 0xbd, 0xc4, 0xdc, 0xeb, 0x98, 0x48, 
    0x3f, 0x1e, 0xfb, 0xb5, 0xdf, 0xf7, 0xce, 0x07, 0xf7, 0x05, 0x5f, 0xd8, 
    0xfb, 0x0c, 0x37, 0x5b, 0x67, 0x5c, 0x6f, 0x1e, 0x0b, 0xaf, 0x49, 0x0a, 
    0x67, 0x68, 0x62, 0x0a, 0xae, 0x1f, 0x0b, 0xf9, 0x8e, 0x58, 0x0a, 0x0b, 
    0xf9, 0x8e, 0x5c, 0x0a, 0x0b, 0xf8, 0xed, 0x5c, 0x0a, 0x0b, 0xbb, 0xbb, 
    0xc7, 0xc6, 0xbb, 0x5b, 0x0b, 0xa8, 0xa8, 0xae, 0xaf, 0x6e, 0xa8, 0x0b, 
    0x06, 0xa3, 0xf7, 0x40, 0x05, 0x0b, 0x15, 0xf7, 0x35, 0xc2, 0xdc, 0xf7, 
    0x32, 0x1f, 0xf8, 0x55, 0x61, 0x0a, 0x6c, 0x5b, 0xad, 0x3c, 0x1b, 0xfb, 
    0x02, 0x27, 0x32, 0xfb, 0x33, 0xfb, 0x33, 0xef, 0x33, 0xf7, 0x02, 0xda, 
    0xbb, 0xac, 0xbf, 0xaa, 0x1f, 0x49, 0x07, 0x2b, 0x6d, 0x59, 0x25, 0x62, 
    0x59, 0x98, 0xbf, 0x79, 0x1e, 0x37, 0x74, 0x05, 0x38, 0xa5, 0xe1, 0x6a, 
    0xdc, 0x1b, 0x86, 0xf7, 0xa3, 0x15, 0x39, 0x51, 0xcb, 0xf7, 0x05, 0xf7, 
    0x05, 0xc5, 0xca, 0xdd, 0xd6, 0xcc, 0x59, 0xfb, 0x12, 0xfb, 0x12, 0x4a, 
    0x58, 0x40, 0x1f, 0x0e, 0xf9, 0x7f, 0x3d, 0x0a, 0x0b, 0x15, 0xb6, 0x06, 
    0xf7, 0x03, 0xa5, 0xab, 0xf6, 0xaf, 0x1f, 0xf7, 0x44, 0xf8, 0x99, 0x05, 
    0x2f, 0x06, 0xfb, 0x0e, 0xfc, 0x12, 0xfb, 0x0e, 0xf8, 0x12, 0x05, 0x2e, 
    0x06, 0xf7, 0x47, 0xfc, 0x84, 0x05, 0x3f, 0x74, 0x7e, 0x81, 0x43, 0x1b, 
    0x69, 0x06, 0x0e, 0x15, 0xc2, 0x06, 0xc9, 0xf7, 0x36, 0x05, 0x8e, 0x93, 
    0x8d, 0x93, 0x94, 0x1a, 0xad, 0x6e, 0xa9, 0x67, 0x68, 0xd0, 0x0a, 0x0b, 
    0x15, 0x43, 0x0a, 0x75, 0xd6, 0x05, 0x4d, 0x06, 0x0e, 0x06, 0x71, 0x7d, 
    0x6c, 0x6e, 0x5b, 0xa8, 0x0a, 0xa7, 0xad, 0xaa, 0x9f, 0xc3, 0x9f, 0x1f, 
    0x0b, 0xd7, 0x06, 0x91, 0x8f, 0xc4, 0xac, 0x9c, 0x9a, 0x08, 0x96, 0x94, 
    0x90, 0x97, 0x96, 0x1a, 0x9f, 0x7b, 0x9b, 0x77, 0x81, 0x81, 0x87, 0x83, 
    0x82, 0x1e, 0x7a, 0x7d, 0x3a, 0x36, 0x82, 0x82, 0x08, 0x0b, 0xf9, 0x79, 
    0x84, 0x0a, 0x0b, 0x15, 0xa1, 0x0a, 0x0e, 0x15, 0xf8, 0x1a, 0xd5, 0xfb, 
    0xbb, 0x06, 0xf7, 0xb1, 0xf7, 0xf0, 0x05, 0xd5, 0xfc, 0x07, 0x41, 0xf7, 
    0xa8, 0x07, 0xfb, 0xb1, 0xfb, 0xf0, 0x05, 0x0e, 0x15, 0xf8, 0x9b, 0xdc, 
    0xfc, 0x2b, 0x06, 0xf8, 0x1c, 0xf8, 0x8e, 0x05, 0xdc, 0xfc, 0x7d, 0x3a, 
    0xf8, 0x0f, 0x07, 0xfc, 0x1e, 0xfc, 0x8e, 0x05, 0x0e, 0x99, 0x93, 0x1a, 
    0xa2, 0x7a, 0x9a, 0x76, 0x74, 0x80, 0x79, 0x80, 0x89, 0x1e, 0x84, 0x72, 
    0x7a, 0xfb, 0x08, 0x89, 0x7e, 0x08, 0x0b, 0xe1, 0x07, 0xf7, 0x1e, 0xf7, 
    0x19, 0x6f, 0xfb, 0x76, 0xfb, 0x78, 0xfb, 0x19, 0x6f, 0xfb, 0x1e, 0x1f, 
    0x0e, 0x15, 0xa9, 0xa3, 0xa3, 0xa9, 0xa9, 0x73, 0xa3, 0x6d, 0x6d, 0x73, 
    0x73, 0x6d, 0x6d, 0xa3, 0x73, 0xa9, 0x1f, 0x0b, 0xd5, 0x2d, 0xf8, 0x9c, 
    0xe9, 0xd5, 0xfb, 0xae, 0x41, 0xe9, 0xfc, 0x9c, 0x2d, 0x06, 0x0e, 0xef, 
    0x06, 0xbe, 0xf7, 0x26, 0x05, 0xf7, 0xc4, 0x06, 0xbe, 0xfb, 0x26, 0x05, 
    0x0b, 0xac, 0x91, 0xa4, 0x9c, 0xac, 0xc7, 0xcf, 0x55, 0xd3, 0x1b, 0x0b, 
    0x15, 0xf7, 0xa8, 0xce, 0xfb, 0xa8, 0x06, 0x0b, 0x15, 0xbf, 0x06, 0x99, 
    0xf7, 0x71, 0x05, 0x3b, 0x06, 0x0b, 0xdc, 0x73, 0x05, 0xbb, 0x96, 0xb2, 
    0xa8, 0xc7, 0x1b, 0x0b, 0xfb, 0x5e, 0xf7, 0x0d, 0xfb, 0x25, 0xf7, 0x54, 
    0x0b, 0xf7, 0x31, 0xf7, 0x31, 0xf7, 0x13, 0x0b, 0x4e, 0x07, 0x74, 0x3d, 
    0x05, 0xbf, 0x0b, 0x6e, 0x6e, 0x67, 0x68, 0xa8, 0x6e, 0x0b, 0xf9, 0x30, 
    0x05, 0x33, 0x06, 0x0b, 0x50, 0x5b, 0x5b, 0x50, 0x1f, 0x0b, 0x1a, 0x60, 
    0xad, 0x64, 0xc7, 0x0b, 0x86, 0x0a, 0x0e, 0xf7, 0xbc, 0x7f, 0x6b, 0x0a, 
    0x0b, 0x7f, 0x15, 0xf7, 0x20, 0xf7, 0x00, 0xd3, 0xf7, 0x14, 0xe1, 0x5a, 
    0xc9, 0x41, 0xa9, 0x1f, 0xae, 0xac, 0xa1, 0xba, 0xc0, 0x1a, 0xef, 0x3a, 
    0xdc, 0x26, 0x27, 0x3a, 0x3a, 0x27, 0x56, 0xa1, 0x5c, 0xae, 0x6a, 0x1e, 
    0x41, 0x6d, 0x5a, 0x4d, 0x35, 0x1a, 0xfb, 0x14, 0xf7, 0x00, 0x43, 0xf7, 
    0x1f, 0x1e, 0xf8, 0x27, 0x04, 0x50, 0x5b, 0xbb, 0xc8, 0xc6, 0xbb, 0xba, 
    0xc6, 0xc6, 0xbb, 0x5c, 0x50, 0x4e, 0x5b, 0x5b, 0x50, 0x1f, 0xfb, 0xdd, 
    0x04, 0x2c, 0x4e, 0xbb, 0xd9, 0xd9, 0xc8, 0xbe, 0xea, 0xeb, 0xc8, 0x58, 
    0x3d, 0x3d, 0x4e, 0x5b, 0x2b, 0x1f, 0x0e, 0x6b, 0x0a, 0x0e, 0x7f, 0x15, 
    0xf7, 0x40, 0xe7, 0xf7, 0x0f, 0xf7, 0x74, 0xf7, 0x72, 0x2f, 0xf7, 0x0f, 
    0xfb, 0x40, 0xfb, 0x40, 0x2f, 0xfb, 0x0f, 0xfb, 0x72, 0xfb, 0x74, 0xe7, 
    0xfb, 0x0f, 0xf7, 0x40, 0x1f, 0xf7, 0x30, 0xf7, 0x5e, 0x15, 0xfb, 0x9b, 
    0xf8, 0x0c, 0x05, 0xa5, 0xa6, 0xaf, 0x99, 0xb7, 0x1b, 0xf7, 0x09, 0xc3, 
    0x2a, 0xfb, 0x42, 0x52, 0x85, 0x5a, 0x80, 0x64, 0x1f, 0xfb, 0x30, 0xfb, 
    0x14, 0x15, 0xfb, 0x0a, 0x54, 0xed, 0xf7, 0x43, 0xc6, 0x91, 0xbe, 0x99, 
    0xb4, 0x1f, 0xf7, 0x9c, 0xfc, 0x0f, 0x05, 0x6e, 0x70, 0x66, 0x7b, 0x5c, 
    0x1b, 0x0e, 0x15, 0xf7, 0x17, 0xf7, 0x15, 0xd1, 0xf7, 0x10, 0xf7, 0x13, 
    0x2c, 0xb5, 0x25, 0xa4, 0x1f, 0x7b, 0x0a, 0x05, 0xfb, 0x00, 0xae, 0xf7, 
    0x03, 0x59, 0xf7, 0x02, 0x1b, 0x0b, 0x7f, 0x15, 0xf7, 0x13, 0xf7, 0x07, 
    0xcc, 0xf7, 0x1b, 0xd1, 0x6f, 0xcd, 0x27, 0xaa, 0x1f, 0xd1, 0xa8, 0xb2, 
    0xc5, 0xcf, 0x1a, 0xf7, 0x10, 0x27, 0xb9, 0xfb, 0x08, 0xfb, 0x0f, 0x3b, 
    0x4c, 0x2c, 0x73, 0x1e, 0xdd, 0x73, 0x05, 0xcd, 0x98, 0xbb, 0xb9, 0xdd, 
    0x1b, 0xd2, 0xc6, 0x66, 0x43, 0x22, 0xfb, 0x06, 0x85, 0x40, 0x1f, 0x3f, 
    0x07, 0xc0, 0xf7, 0x2d, 0x8c, 0xfb, 0x14, 0x38, 0x4c, 0x5d, 0x33, 0x36, 
    0x5b, 0xba, 0xd1, 0x7c, 0x1f, 0x38, 0x73, 0x05, 0x30, 0xa2, 0xd3, 0x43, 
    0xf7, 0x1b, 0x1b, 0x0e, 0xf7, 0x83, 0x7f, 0x70, 0x0a, 0x0b, 0x70, 0x0a, 
    0x0e, 0x7f, 0x15, 0xf7, 0x23, 0xe7, 0xf5, 0xf7, 0x10, 0xf7, 0x1a, 0x30, 
    0xe8, 0xfb, 0x10, 0x32, 0x52, 0x62, 0x57, 0x6d, 0x1f, 0xf7, 0x2f, 0x8f, 
    0xc3, 0xf2, 0xf3, 0x1b, 0xc0, 0xb3, 0x74, 0x64, 0x9f, 0x1f, 0xe0, 0xa4, 
    0x05, 0xc7, 0x6e, 0x4f, 0xba, 0x28, 0x1b, 0xfb, 0x56, 0x48, 0xfb, 0x49, 
    0xfb, 0x51, 0xfb, 0x62, 0xd7, 0xfb, 0x08, 0xf7, 0x3b, 0x1f, 0xd2, 0x04, 
    0x32, 0x52, 0xcb, 0xe7, 0xe7, 0xc4, 0xcb, 0xe4, 0xe3, 0xc4, 0x4b, 0x2f, 
    0x2f, 0x52, 0x4b, 0x33, 0x1f, 0x0e, 0x15, 0xf2, 0xee, 0xc1, 0xe9, 0xf4, 
    0x3c, 0xa8, 0x3c, 0x9b, 0x1f, 0x80, 0x0a, 0x05, 0x36, 0xac, 0xe4, 0x64, 
    0xe1, 0x1b, 0x0b, 0xf7, 0xf4, 0x7f, 0x74, 0x0a, 0x0b, 0x16, 0xf3, 0x06, 
    0xf1, 0xf7, 0x2a, 0xe3, 0xf7, 0x39, 0x98, 0xac, 0x08, 0x97, 0xa9, 0x91, 
    0xaa, 0xa9, 0x1a, 0xf7, 0x17, 0x25, 0xf7, 0x01, 0xfb, 0x1d, 0xfb, 0x18, 
    0x20, 0x21, 0xfb, 0x18, 0xfb, 0x19, 0xf7, 0x01, 0x20, 0xf7, 0x16, 0x9e, 
    0x9c, 0x8d, 0x8f, 0x9c, 0x1e, 0x54, 0x30, 0x37, 0xfb, 0x08, 0x8b, 0x1a, 
    0xe1, 0xf7, 0xb3, 0x15, 0x36, 0x47, 0xd0, 0xe0, 0xdf, 0xcf, 0xd0, 0xe0, 
    0xe1, 0xd0, 0x46, 0x37, 0x36, 0x46, 0x46, 0x35, 0x1f, 0x0e, 0x74, 0x0a, 
    0x0e, 0x15, 0xe5, 0xd9, 0xa7, 0xcf, 0xb6, 0x1f, 0xa4, 0x37, 0x05, 0xc1, 
    0xf7, 0xed, 0xfb, 0xb0, 0x3a, 0xf7, 0x57, 0x75, 0x06, 0xfb, 0x1e, 0xfb, 
    0x00, 0x66, 0x32, 0xfb, 0x10, 0x35, 0xb9, 0x0a, 0x1e, 0xde, 0xa9, 0x05, 
    0xec, 0x5c, 0xbb, 0x0a, 0xfb, 0x5f, 0xf7, 0x02, 0xfb, 0x24, 0xf7, 0x54, 
    0x1f, 0x0b, 0x7f, 0x15, 0xf7, 0x10, 0xf7, 0x05, 0xda, 0xf7, 0x2d, 0xf7, 
    0x27, 0x25, 0xde, 0xfb, 0x09, 0x54, 0x55, 0x7b, 0x69, 0x68, 0x1f, 0xa2, 
    0xf7, 0x4f, 0x05, 0xf7, 0xcf, 0xdc, 0xfc, 0x13, 0x06, 0x62, 0xfb, 0xe8, 
    0xdd, 0x73, 0x05, 0xac, 0x99, 0xb9, 0xb4, 0xd0, 0x1b, 0xd3, 0xd9, 0x5b, 
    0xfb, 0x03, 0x24, 0x46, 0x51, 0x3b, 0x34, 0x5e, 0xb7, 0xd4, 0x7b, 0x1f, 
    0x39, 0x73, 0x05, 0x31, 0xa4, 0xd1, 0x42, 0xf7, 0x1b, 0x1b, 0x0e, 0xb4, 
    0x0a, 0xf8, 0x75, 0x37, 0xfb, 0x8e, 0x87, 0x0a, 0x04, 0x78, 0x0a, 0xe8, 
    0xcf, 0xb4, 0xc5, 0xaf, 0x1f, 0x3a, 0xa3, 0x05, 0x81, 0x0a, 0x04, 0x7d, 
    0x0a, 0x15, 0x7d, 0x0a, 0x42, 0x9b, 0x05, 0x3d, 0x9c, 0x4a, 0xa0, 0xce, 
    0x1a, 0xd1, 0xd2, 0xad, 0xd4, 0xc8, 0xca, 0x73, 0x5c, 0xa5, 0x1e, 0xe1, 
    0xa4, 0x05, 0xe1, 0x61, 0x2b, 0xb2, 0x2d, 0x1b, 0xfb, 0x0f, 0xfb, 0x0e, 
    0x49, 0xfb, 0x05, 0xfb, 0x11, 0xee, 0x63, 0xe8, 0x74, 0x1f, 0xe0, 0x78, 
    0x05, 0xee, 0x72, 0xae, 0x6e, 0x55, 0x1a, 0x3b, 0x3e, 0x64, 0x3b, 0x42, 
    0x3e, 0xac, 0xd3, 0x74, 0x1e, 0x34, 0x71, 0x0b, 0x93, 0x0a, 0x33, 0xfb, 
    0x8e, 0x23, 0x0a, 0xf7, 0x0a, 0xee, 0xbf, 0xee, 0xbb, 0x1f, 0x88, 0x0a, 
    0xfb, 0x5f, 0xf7, 0x04, 0xfb, 0x24, 0xf7, 0x53, 0x1f, 0x0e, 0xf7, 0x07, 
    0x16, 0xac, 0x0a, 0xfb, 0xb1, 0x2c, 0x3b, 0xea, 0x06, 0xe9, 0xfb, 0x74, 
    0x15, 0xf7, 0x74, 0xf7, 0x20, 0xdb, 0xfb, 0x20, 0xf7, 0x62, 0x57, 0x0a, 
    0x4e, 0x0a, 0xf7, 0x08, 0xfb, 0x0f, 0x15, 0xc3, 0x06, 0xc8, 0xf7, 0x36, 
    0xd2, 0x0a, 0x6f, 0xa9, 0x67, 0x67, 0xd0, 0x0a, 0x0e, 0x4a, 0x98, 0x05, 
    0x57, 0x95, 0x63, 0x9b, 0xb6, 0x1a, 0xb6, 0xbc, 0xa2, 0xbe, 0xba, 0xbc, 
    0x78, 0x63, 0x9c, 0x1e, 0xda, 0xa8, 0x05, 0xd0, 0x6d, 0x3d, 0xab, 0x3d, 
    0x1b, 0x2b, 0x2c, 0x5a, 0x32, 0x31, 0xcb, 0x6c, 0xd3, 0x7c, 0x1f, 0xd0, 
    0x7d, 0x05, 0xc7, 0x7f, 0xbd, 0x79, 0x55, 0x1a, 0x5e, 0x51, 0x6e, 0x50, 
    0x54, 0x52, 0xa3, 0xc6, 0x7c, 0x1e, 0x3a, 0x6d, 0x0b, 0x6d, 0x74, 0x66, 
    0x78, 0x53, 0x1b, 0x4e, 0x33, 0xb1, 0xf7, 0x11, 0x87, 0x1f, 0xf8, 0x12, 
    0x06, 0xf7, 0x22, 0x95, 0x38, 0xf7, 0x1d, 0xfb, 0x32, 0x1b, 0xfb, 0x1c, 
    0x22, 0x27, 0xfb, 0x31, 0xfb, 0x26, 0xe2, 0xfb, 0x05, 0xf7, 0x30, 0x1f, 
    0xfb, 0x2c, 0xf7, 0xc4, 0x15, 0xef, 0x93, 0xd3, 0x0a, 0x8c, 0x1f, 0x0e, 
    0x15, 0x83, 0x0a, 0xe9, 0xf7, 0xad, 0xef, 0x06, 0xf7, 0x5f, 0xfb, 0xad, 
    0x05, 0xf7, 0x07, 0x06, 0xfb, 0x63, 0xf7, 0xb4, 0x05, 0xf7, 0x2f, 0xa1, 
    0xa9, 0xd6, 0xe6, 0x1a, 0xf7, 0x34, 0xfb, 0x07, 0xab, 0xfb, 0x37, 0x1e, 
    0xfb, 0x68, 0x06, 0xe9, 0xfb, 0xc8, 0x15, 0xf7, 0x79, 0xf7, 0x11, 0x07, 
    0xed, 0xd8, 0x7f, 0x24, 0x24, 0x3e, 0x80, 0x29, 0x1f, 0x0e, 0x15, 0xd3, 
    0xc8, 0xbf, 0xcf, 0x99, 0x1f, 0x46, 0x06, 0x6c, 0x7e, 0x6d, 0x75, 0x68, 
    0x1b, 0x67, 0x6d, 0xa1, 0xaa, 0x7f, 0x1f, 0x46, 0x06, 0x47, 0x99, 0xc7, 
    0x57, 0xd4, 0x1b, 0x0b, 0xa0, 0x0a, 0x0e, 0xc1, 0x0a, 0xa0, 0x7a, 0x9c, 
    0x76, 0x81, 0x80, 0x87, 0x82, 0x84, 0x1e, 0xbd, 0xfb, 0x0f, 0x15, 0xc1, 
    0x0a, 0x9f, 0x79, 0x9d, 0x77, 0x81, 0x80, 0x87, 0x82, 0x84, 0x1e, 0x0b, 
    0x07, 0xbf, 0x6d, 0x56, 0xad, 0x3d, 0x1b, 0xfb, 0x05, 0x27, 0x2c, 0xfb, 
    0x37, 0xfb, 0x38, 0xef, 0x2d, 0xf7, 0x05, 0x1f, 0xa1, 0xa2, 0x0a, 0x39, 
    0xa9, 0x05, 0x4e, 0x6c, 0x50, 0x62, 0x34, 0x1b, 0xfb, 0x11, 0x33, 0xb9, 
    0x0a, 0x1f, 0xdd, 0xa9, 0x05, 0xec, 0x5d, 0xbb, 0x0a, 0x0b, 0xb6, 0x0a, 
    0x88, 0xfd, 0xd9, 0x23, 0x0a, 0x05, 0x89, 0x88, 0x8a, 0x88, 0x87, 0x1a, 
    0x7f, 0x95, 0x7f, 0x9d, 0x90, 0x1e, 0x8e, 0x97, 0x95, 0x8d, 0x94, 0x1b, 
    0xa4, 0x96, 0x7f, 0x7e, 0x7b, 0x7a, 0x79, 0x69, 0x7b, 0x78, 0x8f, 0x95, 
    0x74, 0x1f, 0x7d, 0x68, 0x05, 0x7d, 0xad, 0xa8, 0x85, 0xa4, 0x1b, 0x0b, 
    0xfb, 0x41, 0x9e, 0x0a, 0x3e, 0xba, 0x0a, 0x3e, 0xa7, 0x05, 0x66, 0x75, 
    0x61, 0x6f, 0x55, 0x1b, 0x41, 0x46, 0xc7, 0xf7, 0x11, 0xf7, 0x11, 0xcf, 
    0xc5, 0xd6, 0xbe, 0xb6, 0x71, 0x63, 0xa1, 0x1f, 0xd8, 0xa7, 0x05, 0xc8, 
    0x6b, 0x49, 0xbe, 0x32, 0x1b, 0xfb, 0x27, 0x2e, 0xfb, 0x02, 0xfb, 0x28, 
    0x0b, 0xd1, 0x16, 0x43, 0x0a, 0x75, 0xd6, 0x05, 0x4d, 0x06, 0x0b, 0xd7, 
    0x16, 0xe9, 0xf7, 0x66, 0x06, 0xef, 0xf7, 0x02, 0xf7, 0x7c, 0xfb, 0xd4, 
    0x05, 0xf7, 0x07, 0x06, 0xfb, 0xb0, 0xf8, 0x19, 0xf7, 0x93, 0xf7, 0xab, 
    0x05, 0xfb, 0x09, 0x06, 0xfb, 0xc1, 0xfb, 0xe4, 0x05, 0xf7, 0xe4, 0x2d, 
    0x07, 0x0b, 0x5a, 0x0a, 0xef, 0xa6, 0x0a, 0x16, 0xdf, 0xf7, 0x39, 0xf7, 
    0x0e, 0xda, 0xfb, 0x0e, 0xf8, 0x3c, 0x36, 0x06, 0xfb, 0xdf, 0xfc, 0x3c, 
    0x05, 0x3c, 0xf7, 0xe0, 0x07, 0xfb, 0x85, 0xda, 0x15, 0xf7, 0x85, 0xf7, 
    0xc9, 0x05, 0xfb, 0xc9, 0x07, 0x0e, 0xd1, 0x16, 0xdf, 0xf7, 0x3a, 0x06, 
    0xc5, 0xca, 0xf7, 0x39, 0xfb, 0x79, 0x05, 0xf2, 0x06, 0xfb, 0x68, 0xf7, 
    0xb7, 0xf7, 0x4f, 0xf7, 0x61, 0x05, 0x26, 0x06, 0xfb, 0x5c, 0xfb, 0x73, 
    0x05, 0xf8, 0x1f, 0x37, 0x07, 0x0b, 0x15, 0x95, 0x0a, 0xf7, 0x71, 0x16, 
    0x9c, 0x0a, 0x24, 0xa1, 0x76, 0xea, 0x1e, 0x0b, 0x15, 0xcf, 0xe1, 0xcc, 
    0xc4, 0x4a, 0xf7, 0x7d, 0x48, 0xa3, 0x0a, 0xdf, 0xf7, 0x69, 0x06, 0xf7, 
    0x0e, 0xb2, 0xd2, 0xf7, 0x05, 0x95, 0x1e, 0x8c, 0x94, 0x95, 0x8b, 0x95, 
    0x1b, 0xe2, 0x07, 0x38, 0x50, 0x63, 0x4f, 0x68, 0x1f, 0x70, 0xe7, 0x05, 
    0x4e, 0x06, 0x0e, 0x15, 0x99, 0x0a, 0xa8, 0x0a, 0xa6, 0xa4, 0x9e, 0xa4, 
    0xcf, 0xa4, 0x1f, 0x0b, 0x15, 0xc2, 0x06, 0xc9, 0xf7, 0x35, 0xd2, 0x0a, 
    0x6e, 0xa9, 0x67, 0x68, 0x6e, 0x6e, 0x68, 0x6b, 0xa2, 0x70, 0xaa, 0x86, 
    0x1e, 0x0e, 0xe9, 0xf7, 0x97, 0x06, 0xf7, 0x84, 0xf8, 0x2d, 0xb8, 0x0a, 
    0xf7, 0x85, 0xfc, 0x2d, 0x05, 0x0e, 0xc1, 0x07, 0x85, 0x7e, 0x7e, 0x89, 
    0x7f, 0x1b, 0x6f, 0x76, 0x98, 0x0b, 0xd7, 0x16, 0xa1, 0x0a, 0x0b, 0xca, 
    0xd5, 0x5e, 0x06, 0x5b, 0x88, 0x98, 0xbe, 0x1f, 0xf7, 0xb7, 0xeb, 0xce, 
    0x2b, 0xf7, 0x11, 0x37, 0xfb, 0x11, 0x37, 0x48, 0xdf, 0xfb, 0xc5, 0x07, 
    0x0b, 0xf8, 0x19, 0x2d, 0xfc, 0x20, 0x07, 0xfb, 0x18, 0x5c, 0x44, 0xfb, 
    0x14, 0xfb, 0x14, 0x5c, 0xd2, 0xf7, 0x18, 0x1e, 0xf8, 0x20, 0x2d, 0xfc, 
    0x19, 0x07, 0x0b, 0xb1, 0x0a, 0xa6, 0xa4, 0x9e, 0xa4, 0xcf, 0xa4, 0x1f, 
    0x0b, 0xcc, 0x0a, 0x69, 0x84, 0x72, 0x7a, 0x6c, 0x56, 0x4a, 0xc2, 0x38, 
    0x1b, 0x43, 0x59, 0x62, 0x4e, 0x7c, 0x1f, 0x0b, 0xe9, 0x06, 0xce, 0xc8, 
    0xcf, 0x4e, 0x05, 0xe9, 0x06, 0xfb, 0x04, 0xf0, 0x05, 0x98, 0x7d, 0x79, 
    0x91, 0x7a, 0x1b, 0x79, 0x79, 0x85, 0x7e, 0x7d, 0x1f, 0x0b, 0xe9, 0xf8, 
    0xcf, 0x06, 0xf7, 0xc5, 0xfc, 0xcf, 0x05, 0xf7, 0x1e, 0xf9, 0x30, 0x2d, 
    0xfc, 0xcc, 0x06, 0xfb, 0xc4, 0xf8, 0xcc, 0x05, 0xfb, 0x1f, 0x06, 0x0b, 
    0xd3, 0xa4, 0x0a, 0x06, 0xfb, 0x4e, 0xfb, 0x80, 0x05, 0x55, 0xf7, 0x4d, 
    0x07, 0xfb, 0x04, 0xc4, 0x15, 0xf7, 0x04, 0xf7, 0x26, 0x05, 0xfb, 0x26, 
    0x07, 0x0e, 0x15, 0x36, 0xd4, 0x0a, 0xe0, 0xbc, 0x0a, 0xf7, 0x4f, 0x16, 
    0xb0, 0xd5, 0x78, 0x06, 0x5c, 0x87, 0x98, 0xbe, 0x1f, 0xf8, 0xa5, 0x37, 
    0xfc, 0xb3, 0x07, 0x24, 0xa1, 0x76, 0xea, 0x1e, 0x0b, 0x06, 0xfb, 0x8e, 
    0xf9, 0x31, 0x05, 0x22, 0x06, 0x44, 0xfc, 0x4e, 0xc0, 0x0a, 0xf7, 0x30, 
    0xf8, 0xe2, 0x15, 0xae, 0xa7, 0xa7, 0xae, 0xad, 0x6f, 0xa7, 0x68, 0x69, 
    0x6f, 0x6f, 0x69, 0x68, 0xa7, 0x6f, 0xad, 0x1f, 0x0b, 0x1a, 0x60, 0xad, 
    0x0a, 0x0b, 0xf8, 0x59, 0xae, 0x0a, 0xf1, 0xf8, 0x0b, 0xb2, 0x0a, 0x0b, 
    0xfb, 0x41, 0xb1, 0x0a, 0x0b, 0xf7, 0x4a, 0x06, 0xf7, 0x68, 0xf7, 0x2d, 
    0xda, 0xf7, 0x94, 0xf7, 0x92, 0xfb, 0x2d, 0xda, 0xfb, 0x68, 0x1f, 0xfb, 
    0x4a, 0x0b, 0xad, 0x64, 0xc7, 0x9e, 0xa0, 0x8f, 0x93, 0xa2, 0x1e, 0x9a, 
    0x0a, 0x0b, 0xdc, 0xfb, 0xfb, 0xf7, 0x72, 0xc7, 0x0a, 0xfc, 0x59, 0x06, 
    0x0e, 0x15, 0xcd, 0x0a, 0xfc, 0x46, 0xfb, 0xa9, 0x15, 0x50, 0x5a, 0xbb, 
    0xc6, 0x0b, 0x15, 0x6e, 0x74, 0xa2, 0xa7, 0xa7, 0xa2, 0xa2, 0xa8, 0xa8, 
    0xa2, 0x74, 0x6f, 0x6f, 0x74, 0x74, 0x6e, 0x1f, 0x0b, 0x15, 0x9e, 0xa0, 
    0x8f, 0x93, 0xa2, 0x1f, 0x9a, 0x0a, 0x0b, 0x15, 0xaf, 0xa8, 0xa8, 0xaf, 
    0xae, 0x6e, 0xa8, 0x67, 0x68, 0x6e, 0x6e, 0x68, 0x67, 0xa8, 0x6e, 0xae, 
    0x1f, 0x0b, 0x15, 0xef, 0xdc, 0xdc, 0xef, 0xf0, 0x3a, 0xdc, 0x27, 0x26, 
    0x3a, 0x3a, 0x26, 0x27, 0xdc, 0x3a, 0xf0, 0x1f, 0x0b, 0x15, 0xd9, 0xc0, 
    0xad, 0xc0, 0xa9, 0x1f, 0xa1, 0x40, 0x05, 0xda, 0x06, 0x7a, 0xe2, 0x8b, 
    0xce, 0xac, 0x1a, 0x0b, 0xae, 0xa8, 0xa7, 0xaf, 0xab, 0x74, 0xa6, 0x6c, 
    0x90, 0x1f, 0xba, 0xf7, 0x0e, 0x05, 0x54, 0x06, 0x0b, 0xf7, 0x7c, 0x16, 
    0xbf, 0x0a, 0x0b, 0xf7, 0x52, 0xdb, 0xfb, 0x52, 0xf7, 0x40, 0x3a, 0xfb, 
    0x40, 0xfb, 0x52, 0x3b, 0xf7, 0x52, 0x0b, 0x05, 0x24, 0x06, 0xfb, 0x4c, 
    0xfb, 0xd7, 0xfb, 0x4d, 0xf7, 0xd7, 0x05, 0x24, 0x06, 0x0b, 0xef, 0xf7, 
    0x3c, 0xf7, 0x42, 0xe7, 0xe7, 0xf7, 0x0a, 0xe2, 0xc6, 0x61, 0x4f, 0xa9, 
    0x0b, 0x06, 0x5a, 0x7f, 0x6c, 0x65, 0x62, 0x65, 0x0a, 0x1e, 0x0e, 0x2c, 
    0xc1, 0xfb, 0x04, 0x1b, 0xfb, 0x51, 0xfb, 0x0e, 0xfb, 0x1d, 0xfb, 0x64, 
    0x0b, 0xe0, 0xc3, 0x47, 0xc8, 0x0a, 0x37, 0xfb, 0xd1, 0x07, 0xfb, 0x05, 
    0xb6, 0x3c, 0xf7, 0x08, 0x1e, 0x0e, 0xf7, 0xa8, 0xce, 0xfb, 0xa8, 0x06, 
    0x0e, 0xe9, 0xf8, 0xdf, 0xf7, 0x72, 0xdc, 0xfc, 0xae, 0x3a, 0xf7, 0x72, 
    0x06, 0x0b, 0x15, 0xf7, 0x0f, 0xf7, 0xef, 0xf7, 0x0f, 0xfb, 0xef, 0x05, 
    0x0e, 0xd1, 0x06, 0xdc, 0xd2, 0x05, 0x94, 0x93, 0x8d, 0x95, 0x94, 0x1a, 
    0x0b, 0xd7, 0x16, 0xca, 0x0a, 0x0b, 0x05, 0xfb, 0x10, 0x06, 0x80, 0x3a, 
    0x05, 0xf7, 0x10, 0x06, 0x0b, 0x15, 0xe2, 0xbf, 0xa9, 0xbd, 0xa9, 0x1f, 
    0x9f, 0x47, 0x05, 0x0b, 0x16, 0xcd, 0x0a, 0x0b, 0xf8, 0x23, 0x7f, 0x15, 
    0xf7, 0x53, 0xf7, 0x2f, 0xf7, 0x2f, 0x0b, 0xf7, 0x9d, 0xdc, 0xfb, 0x9d, 
    0xf7, 0x5f, 0xf7, 0xfb, 0xdc, 0x0b, 0xfb, 0x0a, 0xfb, 0x0a, 0x53, 0x47, 
    0x36, 0x1f, 0x0e, 0xdf, 0xf8, 0x84, 0xfb, 0x2d, 0x48, 0xd0, 0x06, 0x0e, 
    0xdb, 0x0a, 0xf8, 0xdf, 0x2d, 0x06, 0x0b, 0x15, 0xd7, 0xce, 0xb0, 0xd8, 
    0xb1, 0x76, 0xb0, 0x62, 0x0b, 0xd2, 0xbd, 0xb4, 0xc8, 0x9a, 0x1f, 0x41, 
    0xa1, 0x05, 0x0b, 0xe3, 0x06, 0xf8, 0x68, 0x63, 0x0a, 0x0b, 0x67, 0x6e, 
    0x6e, 0x68, 0x67, 0xa8, 0x6e, 0xaf, 0x1f, 0x0b, 0xa8, 0x9b, 0xa9, 0x1b, 
    0xad, 0xa2, 0x78, 0x68, 0x4d, 0x0b, 0x6e, 0x6e, 0x67, 0x6b, 0xa2, 0x71, 
    0xaa, 0x86, 0x1e, 0x0b, 0x04, 0xf8, 0x6d, 0xdb, 0xfc, 0x6d, 0x06, 0x0e, 
    0x05, 0x8e, 0x93, 0x8d, 0x94, 0x93, 0x1a, 0xad, 0x0b, 0xce, 0xb3, 0xd6, 
    0x1b, 0xe3, 0xc0, 0x45, 0x45, 0x0b, 0x53, 0xcf, 0xf7, 0x0a, 0xf7, 0x0a, 
    0xc3, 0xcf, 0x0b, 0x15, 0xf7, 0x07, 0xf7, 0x0f, 0xda, 0xf7, 0x47, 0x0b, 
    0xd1, 0xfb, 0x35, 0x15, 0xdf, 0xf7, 0x80, 0x06, 0x0b, 0xd9, 0x1b, 0xf7, 
    0x05, 0xef, 0xea, 0xf7, 0x37, 0x0b, 0xa9, 0xa3, 0xa3, 0xa9, 0xa8, 0x73, 
    0xa3, 0x6d, 0x0b, 0x07, 0x24, 0xa1, 0x76, 0xea, 0x1e, 0x0e, 0xfb, 0x14, 
    0x3f, 0x53, 0x43, 0x1f, 0x0e, 0xf8, 0x59, 0xdc, 0xfb, 0xfb, 0x0b, 0x00, 
    0x00, 0x01, 0x00, 0x02, 0x00, 0x0e, 0x00, 0x00, 0x00, 0x00, 0x00, 0x00, 
    0x00, 0xb4, 0x00, 0x02, 0x00, 0x1b, 0x00, 0x0f, 0x00, 0x0f, 0x00, 0x01, 
    0x00, 0x11, 0x00, 0x13, 0x00, 0x01, 0x00, 0x15, 0x00, 0x17, 0x00, 0x01, 
    0x00, 0x19, 0x00, 0x1a, 0x00, 0x01, 0x00, 0x1c, 0x00, 0x1d, 0x00, 0x01, 
    0x00, 0x20, 0x00, 0x23, 0x00, 0x01, 0x00, 0x27, 0x00, 0x29, 0x00, 0x01, 
    0x00, 0x2b, 0x00, 0x2d, 0x00, 0x01, 0x00, 0x2f, 0x00, 0x30, 0x00, 0x01, 
    0x00, 0x33, 0x00, 0x37, 0x00, 0x01, 0x00, 0x3a, 0x00, 0x3d, 0x00, 0x01, 
    0x00, 0x41, 0x00, 0x42, 0x00, 0x01, 0x00, 0xbc, 0x00, 0xf8, 0x00, 0x01, 
    0x01, 0x03, 0x01, 0x13, 0x00, 0x01, 0x01, 0x15, 0x01, 0x21, 0x00, 0x01, 
    0x01, 0x23, 0x01, 0x2b, 0x00, 0x01, 0x01, 0x2d, 0x01, 0x3e, 0x00, 0x01, 
    0x01, 0x40, 0x01, 0x4b, 0x00, 0x01, 0x01, 0x4c, 0x01, 0x4f, 0x00, 0x03, 
    0x01, 0x51, 0x01, 0x5b, 0x00, 0x03, 0x01, 0x5e, 0x01, 0x61, 0x00, 0x03, 
    0x01, 0x62, 0x01, 0x62, 0x00, 0x01, 0x01, 0x63, 0x01, 0x64, 0x00, 0x03, 
    0x01, 0x66, 0x01, 0x69, 0x00, 0x03, 0x01, 0x6a, 0x01, 0x6a, 0x00, 0x01, 
    0x01, 0x6c, 0x01, 0x6e, 0x00, 0x01, 0x01, 0x6f, 0x01, 0x70, 0x00, 0x03, 
    0x00, 0x01, 0x00, 0x02, 0x00, 0x00, 0x00, 0x0c, 0x00, 0x00, 0x00, 0x14, 
    0x00, 0x01, 0x00, 0x02, 0x01, 0x54, 0x01, 0x57, 0x00, 0x01, 0x00, 0x16, 
    0x01, 0x4c, 0x01, 0x4d, 0x01, 0x4e, 0x01, 0x4f, 0x01, 0x51, 0x01, 0x53, 
    0x01, 0x55, 0x01, 0x56, 0x01, 0x58, 0x01, 0x59, 0x01, 0x5a, 0x01, 0x5b, 
    0x01, 0x5e, 0x01, 0x5f, 0x01, 0x60, 0x01, 0x61, 0x01, 0x63, 0x01, 0x64, 
    0x01, 0x68, 0x01, 0x69, 0x01, 0x6f, 0x01, 0x70, 0x00, 0x01, 0x00, 0x00, 
    0x00, 0x0a, 0x00, 0x2e, 0x00, 0x56, 0x00, 0x03, 0x44, 0x46, 0x4c, 0x54, 
    0x00, 0x14, 0x67, 0x72, 0x65, 0x6b, 0x00, 0x14, 0x6c, 0x61, 0x74, 0x6e, 
    0x00, 0x14, 0x00, 0x04, 0x00, 0x00, 0x00, 0x00, 0xff, 0xff, 0x00, 0x03, 
    0x00, 0x00, 0x00, 0x01, 0x00, 0x02, 0x00, 0x03, 0x6b, 0x65, 0x72, 0x6e, 
    0x00, 0x14, 0x6d, 0x61, 0x72, 0x6b, 0x00, 0x1a, 0x6d, 0x6b, 0x6d, 0x6b, 
    0x00, 0x20, 0x00, 0x00, 0x00, 0x01, 0x00, 0x00, 0x00, 0x00, 0x00, 0x01, 
    0x00, 0x01, 0x00, 0x00, 0x00, 0x02, 0x00, 0x02, 0x00, 0x03, 0x00, 0x04, 
    0x00, 0x0a, 0x13, 0x56, 0x1e, 0x70, 0x1e, 0xb6, 0x00, 0x02, 0x00, 0x08, 
    0x00, 0x02, 0x00, 0x0a, 0x0b, 0x16, 0x00, 0x01, 0x01, 0x0c, 0x00, 0x04, 
    0x00, 0x00, 0x00, 0x81, 0x01, 0xee, 0x01, 0xf4, 0x01, 0xfa, 0x02, 0x00, 
    0x02, 0x0e, 0x02, 0x14, 0x02, 0x1e, 0x02, 0x44, 0x02, 0x5e, 0x0a, 0x76, 
    0x02, 0x6c, 0x0a, 0xb4, 0x0a, 0x90, 0x02, 0xd6, 0x03, 0x44, 0x0a, 0xa8, 
    0x03, 0x66, 0x03, 0x90, 0x0a, 0x40, 0x0a, 0xb4, 0x04, 0x0e, 0x04, 0x94, 
    0x0a, 0xda, 0x0a, 0xe0, 0x04, 0xde, 0x06, 0x4c, 0x07, 0x7a, 0x0a, 0x68, 
    0x0a, 0xd4, 0x0a, 0x9a, 0x0a, 0xae, 0x08, 0x30, 0x0a, 0xd4, 0x08, 0x3e, 
    0x08, 0x44, 0x09, 0x2e, 0x0a, 0xd4, 0x0a, 0xd4, 0x09, 0x7c, 0x0b, 0x02, 
    0x0a, 0x5e, 0x09, 0xda, 0x09, 0xec, 0x0a, 0x5e, 0x0a, 0x22, 0x0a, 0x2e, 
    0x0a, 0x28, 0x0a, 0x90, 0x0a, 0x2e, 0x0a, 0x2e, 0x0a, 0x40, 0x0a, 0x9a, 
    0x0a, 0xb4, 0x0a, 0x90, 0x0a, 0x9a, 0x0a, 0x76, 0x0a, 0x76, 0x0a, 0x76, 
    0x0a, 0x76, 0x0a, 0x76, 0x0a, 0x76, 0x0a, 0x76, 0x0a, 0xd4, 0x0a, 0xd4, 
    0x0a, 0xd4, 0x0a, 0xd4, 0x0a, 0xd4, 0x0a, 0xd4, 0x0a, 0xd4, 0x0a, 0xd4, 
    0x0a, 0x90, 0x0a, 0x90, 0x0a, 0x90, 0x0a, 0x90, 0x0a, 0x9a, 0x0a, 0x9a, 
    0x0a, 0x9a, 0x0a, 0x9a, 0x0a, 0xa8, 0x0a, 0xa8, 0x0a, 0xa8, 0x0a, 0xa8, 
    0x0a, 0xb4, 0x0a, 0xb4, 0x0a, 0xb4, 0x0a, 0xb4, 0x0a, 0xb4, 0x0a, 0x68, 
    0x0a, 0xd4, 0x0a, 0x5e, 0x0a, 0x5e, 0x0a, 0xda, 0x0b, 0x02, 0x0a, 0x68, 
    0x0a, 0xb4, 0x0a, 0x76, 0x0a, 0xd4, 0x0a, 0x76, 0x0a, 0xd4, 0x0a, 0x90, 
    0x0a, 0x9a, 0x0a, 0x90, 0x0a, 0x9a, 0x0a, 0x90, 0x0a, 0x9a, 0x0a, 0x90, 
    0x0a, 0x9a, 0x0a, 0xa8, 0x0a, 0xa8, 0x0a, 0xd4, 0x0a, 0xd4, 0x0a, 0xda, 
    0x0b, 0x02, 0x0a, 0xd4, 0x0a, 0xd4, 0x0a, 0xe0, 0x0a, 0xca, 0x0a, 0xd4, 
    0x0a, 0xb4, 0x0a, 0xae, 0x0a, 0xb4, 0x0a, 0xca, 0x0a, 0xd4, 0x0a, 0xda, 
    0x0b, 0x02, 0x0a, 0xda, 0x0a, 0xe0, 0x0a, 0xe0, 0x0b, 0x02, 0x00, 0x02, 
    0x00, 0x25, 0x00, 0x05, 0x00, 0x07, 0x00, 0x00, 0x00, 0x09, 0x00, 0x10, 
    0x00, 0x03, 0x00, 0x12, 0x00, 0x15, 0x00, 0x0b, 0x00, 0x17, 0x00, 0x1a, 
    0x00, 0x0f, 0x00, 0x1d, 0x00, 0x1f, 0x00, 0x13, 0x00, 0x21, 0x00, 0x22, 
    0x00, 0x16, 0x00, 0x24, 0x00, 0x27, 0x00, 0x18, 0x00, 0x2b, 0x00, 0x2b, 
    0x00, 0x1c, 0x00, 0x2d, 0x00, 0x30, 0x00, 0x1d, 0x00, 0x32, 0x00, 0x36, 
    0x00, 0x21, 0x00, 0x3a, 0x00, 0x3b, 0x00, 0x26, 0x00, 0x3e, 0x00, 0x41, 
    0x00, 0x28, 0x00, 0x7f, 0x00, 0x7f, 0x00, 0x2c, 0x00, 0x84, 0x00, 0x84, 
    0x00, 0x2d, 0x00, 0x86, 0x00, 0x86, 0x00, 0x2e, 0x00, 0x96, 0x00, 0x96, 
    0x00, 0x2f, 0x00, 0xac, 0x00, 0xad, 0x00, 0x30, 0x00, 0xb0, 0x00, 0xb0, 
    0x00, 0x32, 0x00, 0xb5, 0x00, 0xb6, 0x00, 0x33, 0x00, 0xba, 0x00, 0xc9, 
    0x00, 0x35, 0x00, 0xcb, 0x00, 0xd7, 0x00, 0x45, 0x00, 0xdd, 0x00, 0xe1, 
    0x00, 0x52, 0x00, 0xe6, 0x00, 0xe7, 0x00, 0x57, 0x00, 0xf1, 0x00, 0xf5, 
    0x00, 0x59, 0x00, 0xf8, 0x00, 0xf8, 0x00, 0x5e, 0x01, 0x03, 0x01, 0x0e, 
    0x00, 0x5f, 0x01, 0x11, 0x01, 0x11, 0x00, 0x6b, 0x01, 0x13, 0x01, 0x13, 
    0x00, 0x6c, 0x01, 0x16, 0x01, 0x16, 0x00, 0x6d, 0x01, 0x18, 0x01, 0x1a, 
    0x00, 0x6e, 0x01, 0x24, 0x01, 0x24, 0x00, 0x71, 0x01, 0x26, 0x01, 0x26, 
    0x00, 0x72, 0x01, 0x34, 0x01, 0x35, 0x00, 0x73, 0x01, 0x39, 0x01, 0x39, 
    0x00, 0x75, 0x01, 0x3e, 0x01, 0x41, 0x00, 0x76, 0x01, 0x46, 0x01, 0x4b, 
    0x00, 0x7a, 0x01, 0x6a, 0x01, 0x6a, 0x00, 0x80, 0x00, 0x01, 0x00, 0x07, 
    0xff, 0xed, 0x00, 0x01, 0x00, 0x80, 0x00, 0x10, 0x00, 0x01, 0x00, 0x09, 
    0xff, 0xf8, 0x00, 0x03, 0x00, 0x0a, 0xff, 0xed, 0x00, 0x0e, 0xff, 0xea, 
    0x00, 0x5c, 0xff, 0xb4, 0x00, 0x01, 0x00, 0x0e, 0xff, 0xf0, 0x00, 0x02, 
    0x00, 0x06, 0xff, 0xe9, 0x00, 0x07, 0xff, 0xed, 0x00, 0x09, 0x00, 0x06, 
    0x00, 0x1c, 0x00, 0x09, 0xff, 0xd1, 0x00, 0x0c, 0x00, 0x24, 0x00, 0x0d, 
    0xff, 0xd1, 0x00, 0x53, 0x00, 0x1f, 0x00, 0x7c, 0x00, 0x1f, 0x00, 0x84, 
    0xff, 0xc9, 0x00, 0xac, 0xff, 0xc9, 0x00, 0xad, 0xff, 0xc9, 0x00, 0x06, 
    0x00, 0x06, 0xff, 0xe4, 0x00, 0x0c, 0xff, 0xed, 0x00, 0x0e, 0xff, 0xe9, 
    0x00, 0x53, 0xff, 0xe0, 0x00, 0x5c, 0xff, 0xe4, 0x00, 0x7c, 0xff, 0xe0, 
    0x00, 0x03, 0x00, 0x09, 0xff, 0xe9, 0x00, 0x0c, 0xff, 0xed, 0x00, 0x0d, 
    0xff, 0xe9, 0x00, 0x1a, 0x00, 0x0f, 0xff, 0xed, 0x00, 0x24, 0xff, 0xed, 
    0x00, 0x26, 0xff, 0xed, 0x00, 0x27, 0xff, 0xe4, 0x00, 0x29, 0xff, 0xf2, 
    0x00, 0xb5, 0xff, 0xf2, 0x00, 0xbc, 0xff, 0xed, 0x00, 0xbd, 0xff, 0xed, 
    0x00, 0xbe, 0xff, 0xed, 0x00, 0xbf, 0xff, 0xed, 0x00, 0xc0, 0xff, 0xed, 
    0x00, 0xc1, 0xff, 0xed, 0x00, 0xc2, 0xff, 0xed, 0x00, 0xc3, 0xff, 0xf2, 
    0x00, 0xc4, 0xff, 0xf2, 0x00, 0xc5, 0xff, 0xf2, 0x00, 0xc6, 0xff, 0xf2, 
    0x00, 0xc7, 0xff, 0xf2, 0x00, 0xc8, 0xff, 0xf2, 0x00, 0xc9, 0xff, 0xf2, 
    0x00, 0xe6, 0xff, 0xe4, 0x00, 0xf5, 0xff, 0xe4, 0x01, 0x03, 0xff, 0xed, 
    0x01, 0x04, 0xff, 0xf2, 0x01, 0x05, 0xff, 0xed, 0x01, 0x06, 0xff, 0xf2, 
    0x00, 0x1b, 0x00, 0x0f, 0xff, 0xda, 0x00, 0x18, 0xff, 0xe0, 0x00, 0x22, 
    0x00, 0x17, 0x00, 0x29, 0xff, 0xea, 0x00, 0x96, 0xff, 0x8e, 0x00, 0xb5, 
    0xff, 0xea, 0x00, 0xbc, 0xff, 0xda, 0x00, 0xbd, 0xff, 0xda, 0x00, 0xbe, 
    0xff, 0xda, 0x00, 0xbf, 0xff, 0xda, 0x00, 0xc0, 0xff, 0xda, 0x00, 0xc1, 
    0xff, 0xda, 0x00, 0xc2, 0xff, 0xda, 0x00, 0xc3, 0xff, 0xea, 0x00, 0xc4, 
    0xff, 0xea, 0x00, 0xc5, 0xff, 0xea, 0x00, 0xc6, 0xff, 0xea, 0x00, 0xc7, 
    0xff, 0xea, 0x00, 0xc8, 0xff, 0xea, 0x00, 0xc9, 0xff, 0xea, 0x01, 0x03, 
    0xff, 0xda, 0x01, 0x04, 0xff, 0xea, 0x01, 0x05, 0xff, 0xda, 0x01, 0x06, 
    0xff, 0xea, 0x01, 0x34, 0x00, 0x17, 0x01, 0x4a, 0x00, 0x17, 0x01, 0x4b, 
    0x00, 0x17, 0x00, 0x08, 0x00, 0x22, 0xff, 0xed, 0x00, 0x24, 0xff, 0xe4, 
    0x00, 0x27, 0xff, 0xd1, 0x00, 0xe6, 0xff, 0xd1, 0x00, 0xf5, 0xff, 0xd1, 
    0x01, 0x34, 0xff, 0xed, 0x01, 0x4a, 0xff, 0xed, 0x01, 0x4b, 0xff, 0xed, 
    0x00, 0x0a, 0x00, 0x0f, 0xff, 0xe4, 0x00, 0xbc, 0xff, 0xe4, 0x00, 0xbd, 
    0xff, 0xe4, 0x00, 0xbe, 0xff, 0xe4, 0x00, 0xbf, 0xff, 0xe4, 0x00, 0xc0, 
    0xff, 0xe4, 0x00, 0xc1, 0xff, 0xe4, 0x00, 0xc2, 0xff, 0xe4, 0x01, 0x03, 
    0xff, 0xe4, 0x01, 0x05, 0xff, 0xe4, 0x00, 0x1f, 0x00, 0x11, 0xff, 0xd1, 
    0x00, 0x15, 0xff, 0xd1, 0x00, 0x1d, 0xff, 0xd1, 0x00, 0x1f, 0xff, 0xd1, 
    0x00, 0x3d, 0xff, 0xd5, 0x00, 0x3e, 0xff, 0xce, 0x00, 0x3f, 0xff, 0xce, 
    0x00, 0x41, 0xff, 0xce, 0x00, 0xba, 0xff, 0xd1, 0x00, 0xca, 0xff, 0xd1, 
    0x00, 0xdd, 0xff, 0xd1, 0x00, 0xde, 0xff, 0xd1, 0x00, 0xdf, 0xff, 0xd1, 
    0x00, 0xe0, 0xff, 0xd1, 0x00, 0xe1, 0xff, 0xd1, 0x00, 0xed, 0xff, 0xd5, 
    0x00, 0xee, 0xff, 0xd5, 0x00, 0xef, 0xff, 0xd5, 0x00, 0xf0, 0xff, 0xd5, 
    0x00, 0xf1, 0xff, 0xce, 0x00, 0xf2, 0xff, 0xce, 0x01, 0x15, 0xff, 0xd1, 
    0x01, 0x17, 0xff, 0xd1, 0x01, 0x1c, 0xff, 0xd5, 0x01, 0x1e, 0xff, 0xd5, 
    0x01, 0x20, 0xff, 0xd5, 0x01, 0x22, 0xff, 0xd5, 0x01, 0x2d, 0xff, 0xd1, 
    0x01, 0x2f, 0xff, 0xd1, 0x01, 0x44, 0xff, 0xd1, 0x01, 0x45, 0xff, 0xd1, 
    0x00, 0x21, 0x00, 0x0f, 0xff, 0xae, 0x00, 0x18, 0xff, 0xbd, 0x00, 0x26, 
    0xff, 0xe3, 0x00, 0x27, 0xff, 0xed, 0x00, 0x28, 0xff, 0xed, 0x00, 0x29, 
    0xff, 0xe4, 0x00, 0x3b, 0xff, 0xed, 0x00, 0xb5, 0xff, 0xe4, 0x00, 0xbc, 
    0xff, 0xae, 0x00, 0xbd, 0xff, 0xae, 0x00, 0xbe, 0xff, 0xae, 0x00, 0xbf, 
    0xff, 0xae, 0x00, 0xc0, 0xff, 0xae, 0x00, 0xc1, 0xff, 0xae, 0x00, 0xc2, 
    0xff, 0xae, 0x00, 0xc3, 0xff, 0xe4, 0x00, 0xc4, 0xff, 0xe4, 0x00, 0xc5, 
    0xff, 0xe4, 0x00, 0xc6, 0xff, 0xe4, 0x00, 0xc7, 0xff, 0xe4, 0x00, 0xc8, 
    0xff, 0xe4, 0x00, 0xc9, 0xff, 0xe4, 0x00, 0xe6, 0xff, 0xed, 0x00, 0xf4, 
    0xff, 0xed, 0x00, 0xf5, 0xff, 0xed, 0x00, 0xf6, 0xff, 0xed, 0x01, 0x03, 
    0xff, 0xae, 0x01, 0x04, 0xff, 0xe4, 0x01, 0x05, 0xff, 0xae, 0x01, 0x06, 
    0xff, 0xe4, 0x01, 0x1a, 0xff, 0xed, 0x01, 0x48, 0xff, 0xed, 0x01, 0x6a, 
    0xff, 0xed, 0x00, 0x12, 0x00, 0x0f, 0x00, 0x1c, 0x00, 0x26, 0x00, 0x13, 
    0x00, 0x27, 0xff, 0xda, 0x00, 0x42, 0x00, 0x13, 0x00, 0xbc, 0x00, 0x1c, 
    0x00, 0xbd, 0x00, 0x1c, 0x00, 0xbe, 0x00, 0x1c, 0x00, 0xbf, 0x00, 0x1c, 
    0x00, 0xc0, 0x00, 0x1c, 0x00, 0xc1, 0x00, 0x1c, 0x00, 0xc2, 0x00, 0x1c, 
    0x00, 0xe6, 0xff, 0xda, 0x00, 0xf5, 0xff, 0xda, 0x00, 0xf7, 0x00, 0x13, 
    0x01, 0x03, 0x00, 0x1c, 0x01, 0x05, 0x00, 0x1c, 0x01, 0x28, 0x00, 0x13, 
    0x01, 0x2a, 0x00, 0x13, 0x00, 0x5b, 0x00, 0x0f, 0xff, 0xbd, 0x00, 0x11, 
    0xff, 0xe4, 0x00, 0x15, 0xff, 0xe4, 0x00, 0x18, 0xff, 0xda, 0x00, 0x1d, 
    0xff, 0xe4, 0x00, 0x1f, 0xff, 0xe4, 0x00, 0x22, 0x00, 0x26, 0x00, 0x24, 
    0x00, 0x13, 0x00, 0x25, 0x00, 0x13, 0x00, 0x27, 0x00, 0x13, 0x00, 0x29, 
    0xff, 0xda, 0x00, 0x2b, 0xff, 0xd1, 0x00, 0x2c, 0xff, 0xd1, 0x00, 0x2d, 
    0xff, 0xd1, 0x00, 0x2f, 0xff, 0xd1, 0x00, 0x35, 0xff, 0xed, 0x00, 0x36, 
    0xff, 0xed, 0x00, 0x37, 0xff, 0xd1, 0x00, 0x39, 0xff, 0xd1, 0x00, 0x3b, 
    0xff, 0xed, 0x00, 0x96, 0xff, 0xa2, 0x00, 0xb2, 0xff, 0xd1, 0x00, 0xb5, 
    0xff, 0xda, 0x00, 0xb6, 0xff, 0xd1, 0x00, 0xba, 0xff, 0xe4, 0x00, 0xbb, 
    0xff, 0xd1, 0x00, 0xbc, 0xff, 0xbd, 0x00, 0xbd, 0xff, 0xbd, 0x00, 0xbe, 
    0xff, 0xbd, 0x00, 0xbf, 0xff, 0xbd, 0x00, 0xc0, 0xff, 0xbd, 0x00, 0xc1, 
    0xff, 0xbd, 0x00, 0xc2, 0xff, 0xbd, 0x00, 0xc3, 0xff, 0xda, 0x00, 0xc4, 
    0xff, 0xda, 0x00, 0xc5, 0xff, 0xda, 0x00, 0xc6, 0xff, 0xda, 0x00, 0xc7, 
    0xff, 0xda, 0x00, 0xc8, 0xff, 0xda, 0x00, 0xc9, 0xff, 0xda, 0x00, 0xca, 
    0xff, 0xe4, 0x00, 0xcb, 0xff, 0xd1, 0x00, 0xd0, 0xff, 0xd1, 0x00, 0xd1, 
    0xff, 0xd1, 0x00, 0xd2, 0xff, 0xd1, 0x00, 0xd3, 0xff, 0xd1, 0x00, 0xdd, 
    0xff, 0xe4, 0x00, 0xde, 0xff, 0xe4, 0x00, 0xdf, 0xff, 0xe4, 0x00, 0xe0, 
    0xff, 0xe4, 0x00, 0xe1, 0xff, 0xe4, 0x00, 0xe6, 0x00, 0x13, 0x00, 0xe7, 
    0xff, 0xed, 0x00, 0xe8, 0xff, 0xd1, 0x00, 0xe9, 0xff, 0xd1, 0x00, 0xea, 
    0xff, 0xd1, 0x00, 0xeb, 0xff, 0xd1, 0x00, 0xec, 0xff, 0xd1, 0x00, 0xf4, 
    0xff, 0xed, 0x00, 0xf5, 0x00, 0x13, 0x01, 0x03, 0xff, 0xbd, 0x01, 0x04, 
    0xff, 0xda, 0x01, 0x05, 0xff, 0xbd, 0x01, 0x06, 0xff, 0xda, 0x01, 0x08, 
    0xff, 0xd1, 0x01, 0x0a, 0xff, 0xd1, 0x01, 0x0c, 0xff, 0xd1, 0x01, 0x0e, 
    0xff, 0xd1, 0x01, 0x15, 0xff, 0xe4, 0x01, 0x16, 0xff, 0xd1, 0x01, 0x17, 
    0xff, 0xe4, 0x01, 0x18, 0xff, 0xd1, 0x01, 0x1a, 0xff, 0xed, 0x01, 0x24, 
    0xff, 0xed, 0x01, 0x26, 0xff, 0xed, 0x01, 0x2d, 0xff, 0xe4, 0x01, 0x2e, 
    0xff, 0xd1, 0x01, 0x2f, 0xff, 0xe4, 0x01, 0x30, 0xff, 0xd1, 0x01, 0x31, 
    0xff, 0xd1, 0x01, 0x34, 0x00, 0x26, 0x01, 0x39, 0xff, 0xed, 0x01, 0x3f, 
    0xff, 0xd1, 0x01, 0x41, 0xff, 0xd1, 0x01, 0x44, 0xff, 0xe4, 0x01, 0x45, 
    0xff, 0xe4, 0x01, 0x46, 0xff, 0xd1, 0x01, 0x48, 0xff, 0xed, 0x01, 0x4a, 
    0x00, 0x26, 0x01, 0x4b, 0x00, 0x26, 0x01, 0x6a, 0xff, 0xed, 0x00, 0x4b, 
    0x00, 0x0f, 0xff, 0xd1, 0x00, 0x11, 0xff, 0xed, 0x00, 0x15, 0xff, 0xed, 
    0x00, 0x18, 0xff, 0xe4, 0x00, 0x1d, 0xff, 0xed, 0x00, 0x1f, 0xff, 0xed, 
    0x00, 0x22, 0x00, 0x1c, 0x00, 0x24, 0x00, 0x13, 0x00, 0x29, 0xff, 0xe4, 
    0x00, 0x2b, 0xff, 0xe9, 0x00, 0x2c, 0xff, 0xe9, 0x00, 0x2d, 0xff, 0xe9, 
    0x00, 0x2f, 0xff, 0xe4, 0x00, 0x37, 0xff, 0xe9, 0x00, 0x39, 0xff, 0xe9, 
    0x00, 0xb2, 0xff, 0xe9, 0x00, 0xb5, 0xff, 0xe4, 0x00, 0xb6, 0xff, 0xe9, 
    0x00, 0xba, 0xff, 0xed, 0x00, 0xbb, 0xff, 0xe9, 0x00, 0xbc, 0xff, 0xd1, 
    0x00, 0xbd, 0xff, 0xd1, 0x00, 0xbe, 0xff, 0xd1, 0x00, 0xbf, 0xff, 0xd1, 
    0x00, 0xc0, 0xff, 0xd1, 0x00, 0xc1, 0xff, 0xd1, 0x00, 0xc2, 0xff, 0xd1, 
    0x00, 0xc3, 0xff, 0xe4, 0x00, 0xc4, 0xff, 0xe4, 0x00, 0xc5, 0xff, 0xe4, 
    0x00, 0xc6, 0xff, 0xe4, 0x00, 0xc7, 0xff, 0xe4, 0x00, 0xc8, 0xff, 0xe4, 
    0x00, 0xc9, 0xff, 0xe4, 0x00, 0xca, 0xff, 0xed, 0x00, 0xcb, 0xff, 0xe9, 
    0x00, 0xd0, 0xff, 0xe9, 0x00, 0xd1, 0xff, 0xe9, 0x00, 0xd2, 0xff, 0xe9, 
    0x00, 0xd3, 0xff, 0xe9, 0x00, 0xdd, 0xff, 0xed, 0x00, 0xde, 0xff, 0xed, 
    0x00, 0xdf, 0xff, 0xed, 0x00, 0xe0, 0xff, 0xed, 0x00, 0xe1, 0xff, 0xed, 
    0x00, 0xe8, 0xff, 0xe9, 0x00, 0xe9, 0xff, 0xe9, 0x00, 0xea, 0xff, 0xe9, 
    0x00, 0xeb, 0xff, 0xe9, 0x00, 0xec, 0xff, 0xe9, 0x01, 0x03, 0xff, 0xd1, 
    0x01, 0x04, 0xff, 0xe4, 0x01, 0x05, 0xff, 0xd1, 0x01, 0x06, 0xff, 0xe4, 
    0x01, 0x08, 0xff, 0xe9, 0x01, 0x0a, 0xff, 0xe9, 0x01, 0x0c, 0xff, 0xe9, 
    0x01, 0x0e, 0xff, 0xe9, 0x01, 0x15, 0xff, 0xed, 0x01, 0x16, 0xff, 0xe9, 
    0x01, 0x17, 0xff, 0xed, 0x01, 0x18, 0xff, 0xe9, 0x01, 0x2d, 0xff, 0xed, 
    0x01, 0x2e, 0xff, 0xe4, 0x01, 0x2f, 0xff, 0xed, 0x01, 0x30, 0xff, 0xe4, 
    0x01, 0x31, 0xff, 0xe4, 0x01, 0x34, 0x00, 0x1c, 0x01, 0x3f, 0xff, 0xe9, 
    0x01, 0x41, 0xff, 0xe9, 0x01, 0x44, 0xff, 0xed, 0x01, 0x45, 0xff, 0xed, 
    0x01, 0x46, 0xff, 0xe9, 0x01, 0x4a, 0x00, 0x1c, 0x01, 0x4b, 0x00, 0x1c, 
    0x00, 0x2d, 0x00, 0x11, 0xff, 0xe4, 0x00, 0x15, 0xff, 0xe4, 0x00, 0x1d, 
    0xff, 0xe4, 0x00, 0x1f, 0xff, 0xe4, 0x00, 0x29, 0xff, 0xed, 0x00, 0x2f, 
    0xff, 0xed, 0x00, 0x3d, 0xff, 0xe4, 0x00, 0x3e, 0xff, 0xed, 0x00, 0x41, 
    0xff, 0xed, 0x00, 0xb5, 0xff, 0xed, 0x00, 0xba, 0xff, 0xe4, 0x00, 0xc3, 
    0xff, 0xed, 0x00, 0xc4, 0xff, 0xed, 0x00, 0xc5, 0xff, 0xed, 0x00, 0xc6, 
    0xff, 0xed, 0x00, 0xc7, 0xff, 0xed, 0x00, 0xc8, 0xff, 0xed, 0x00, 0xc9, 
    0xff, 0xed, 0x00, 0xca, 0xff, 0xe4, 0x00, 0xdd, 0xff, 0xe4, 0x00, 0xde, 
    0xff, 0xe4, 0x00, 0xdf, 0xff, 0xe4, 0x00, 0xe0, 0xff, 0xe4, 0x00, 0xe1, 
    0xff, 0xe4, 0x00, 0xed, 0xff, 0xe4, 0x00, 0xee, 0xff, 0xe4, 0x00, 0xef, 
    0xff, 0xe4, 0x00, 0xf0, 0xff, 0xe4, 0x00, 0xf1, 0xff, 0xed, 0x00, 0xf2, 
    0xff, 0xed, 0x01, 0x04, 0xff, 0xed, 0x01, 0x06, 0xff, 0xed, 0x01, 0x15, 
    0xff, 0xe4, 0x01, 0x17, 0xff, 0xe4, 0x01, 0x1c, 0xff, 0xe4, 0x01, 0x1e, 
    0xff, 0xe4, 0x01, 0x20, 0xff, 0xe4, 0x01, 0x22, 0xff, 0xe4, 0x01, 0x2d, 
    0xff, 0xe4, 0x01, 0x2e, 0xff, 0xed, 0x01, 0x2f, 0xff, 0xe4, 0x01, 0x30, 
    0xff, 0xed, 0x01, 0x31, 0xff, 0xed, 0x01, 0x44, 0xff, 0xe4, 0x01, 0x45, 
    0xff, 0xe4, 0x00, 0x03, 0x00, 0x27, 0xff, 0xd1, 0x00, 0xe6, 0xff, 0xd1, 
    0x00, 0xf5, 0xff, 0xd1, 0x00, 0x01, 0x00, 0x32, 0x00, 0x18, 0x00, 0x3a, 
    0x00, 0x0f, 0x00, 0x1c, 0x00, 0x11, 0xff, 0xed, 0x00, 0x15, 0xff, 0xed, 
    0x00, 0x1d, 0xff, 0xed, 0x00, 0x1f, 0xff, 0xed, 0x00, 0x2b, 0xff, 0xf1, 
    0x00, 0x2c, 0xff, 0xf1, 0x00, 0x2d, 0xff, 0xf1, 0x00, 0x37, 0xff, 0xf1, 
    0x00, 0x39, 0xff, 0xf1, 0x00, 0x3c, 0xff, 0xf4, 0x00, 0xb2, 0xff, 0xf1, 
    0x00, 0xb6, 0xff, 0xf1, 0x00, 0xba, 0xff, 0xed, 0x00, 0xbb, 0xff, 0xf1, 
    0x00, 0xbc, 0x00, 0x1c, 0x00, 0xbd, 0x00, 0x1c, 0x00, 0xbe, 0x00, 0x1c, 
    0x00, 0xbf, 0x00, 0x1c, 0x00, 0xc0, 0x00, 0x1c, 0x00, 0xc1, 0x00, 0x1c, 
    0x00, 0xc2, 0x00, 0x1c, 0x00, 0xca, 0xff, 0xed, 0x00, 0xcb, 0xff, 0xf1, 
    0x00, 0xd0, 0xff, 0xf1, 0x00, 0xd1, 0xff, 0xf1, 0x00, 0xd2, 0xff, 0xf1, 
    0x00, 0xd3, 0xff, 0xf1, 0x00, 0xdd, 0xff, 0xed, 0x00, 0xde, 0xff, 0xed, 
    0x00, 0xdf, 0xff, 0xed, 0x00, 0xe0, 0xff, 0xed, 0x00, 0xe1, 0xff, 0xed, 
    0x00, 0xe8, 0xff, 0xf1, 0x00, 0xe9, 0xff, 0xf1, 0x00, 0xea, 0xff, 0xf1, 
    0x00, 0xeb, 0xff, 0xf1, 0x00, 0xec, 0xff, 0xf1, 0x01, 0x03, 0x00, 0x1c, 
    0x01, 0x05, 0x00, 0x1c, 0x01, 0x08, 0xff, 0xf1, 0x01, 0x0a, 0xff, 0xf1, 
    0x01, 0x0c, 0xff, 0xf1, 0x01, 0x0e, 0xff, 0xf1, 0x01, 0x15, 0xff, 0xed, 
    0x01, 0x16, 0xff, 0xf1, 0x01, 0x17, 0xff, 0xed, 0x01, 0x18, 0xff, 0xf1, 
    0x01, 0x2d, 0xff, 0xed, 0x01, 0x2f, 0xff, 0xed, 0x01, 0x37, 0xff, 0xf4, 
    0x01, 0x3f, 0xff, 0xf1, 0x01, 0x41, 0xff, 0xf1, 0x01, 0x44, 0xff, 0xed, 
    0x01, 0x45, 0xff, 0xed, 0x01, 0x46, 0xff, 0xf1, 0x01, 0x6c, 0xff, 0xf4, 
    0x01, 0x6e, 0xff, 0xf4, 0x00, 0x13, 0x00, 0x26, 0x00, 0x13, 0x00, 0x31, 
    0xff, 0xed, 0x00, 0x38, 0x00, 0x15, 0x00, 0x3e, 0x00, 0x0c, 0x00, 0x41, 
    0x00, 0x0c, 0x00, 0x4b, 0x00, 0x22, 0x00, 0x4e, 0x00, 0x22, 0x00, 0x52, 
    0x00, 0x22, 0x00, 0x83, 0x00, 0x22, 0x00, 0x85, 0x00, 0x22, 0x00, 0xd8, 
    0xff, 0xed, 0x00, 0xd9, 0xff, 0xed, 0x00, 0xda, 0xff, 0xed, 0x00, 0xdb, 
    0xff, 0xed, 0x00, 0xf1, 0x00, 0x0c, 0x00, 0xf2, 0x00, 0x0c, 0x01, 0x12, 
    0xff, 0xed, 0x01, 0x14, 0xff, 0xed, 0x01, 0x62, 0xff, 0xed, 0x00, 0x17, 
    0x00, 0x25, 0x00, 0x1c, 0x00, 0x29, 0xff, 0xf1, 0x00, 0x2e, 0x00, 0x13, 
    0x00, 0x3c, 0x00, 0x10, 0x00, 0x3e, 0x00, 0x1a, 0x00, 0x3f, 0x00, 0x18, 
    0x00, 0x40, 0x00, 0x15, 0x00, 0x41, 0x00, 0x1a, 0x00, 0xb5, 0xff, 0xf1, 
    0x00, 0xc3, 0xff, 0xf1, 0x00, 0xc4, 0xff, 0xf1, 0x00, 0xc5, 0xff, 0xf1, 
    0x00, 0xc6, 0xff, 0xf1, 0x00, 0xc7, 0xff, 0xf1, 0x00, 0xc8, 0xff, 0xf1, 
    0x00, 0xc9, 0xff, 0xf1, 0x00, 0xf1, 0x00, 0x1a, 0x00, 0xf2, 0x00, 0x1a, 
    0x01, 0x04, 0xff, 0xf1, 0x01, 0x06, 0xff, 0xf1, 0x01, 0x37, 0x00, 0x10, 
    0x01, 0x6c, 0x00, 0x10, 0x01, 0x6e, 0x00, 0x10, 0x00, 0x04, 0x00, 0x3e, 
    0x00, 0x10, 0x00, 0x41, 0x00, 0x10, 0x00, 0xf1, 0x00, 0x10, 0x00, 0xf2, 
    0x00, 0x10, 0x00, 0x0d, 0x00, 0x0f, 0x00, 0x14, 0x00, 0x27, 0xff, 0xed, 
    0x00, 0xbc, 0x00, 0x14, 0x00, 0xbd, 0x00, 0x14, 0x00, 0xbe, 0x00, 0x14, 
    0x00, 0xbf, 0x00, 0x14, 0x00, 0xc0, 0x00, 0x14, 0x00, 0xc1, 0x00, 0x14, 
    0x00, 0xc2, 0x00, 0x14, 0x00, 0xe6, 0xff, 0xed, 0x00, 0xf5, 0xff, 0xed, 
    0x01, 0x03, 0x00, 0x14, 0x01, 0x05, 0x00, 0x14, 0x00, 0x01, 0x00, 0x0c, 
    0x00, 0x1f, 0x00, 0x01, 0x00, 0x86, 0xff, 0xa1, 0x00, 0x04, 0x00, 0x06, 
    0xff, 0xd1, 0x00, 0x07, 0xff, 0xe1, 0x00, 0x09, 0x00, 0x1f, 0x00, 0x0c, 
    0xff, 0xc9, 0x00, 0x07, 0x00, 0x18, 0x00, 0x1c, 0x00, 0x23, 0xff, 0xeb, 
    0x00, 0x24, 0xff, 0xbe, 0x00, 0x25, 0xff, 0xda, 0x00, 0x26, 0x00, 0x1c, 
    0x00, 0x3f, 0xff, 0xd1, 0x00, 0x40, 0x00, 0x1c, 0x00, 0x02, 0x00, 0x26, 
    0xff, 0xed, 0x00, 0x2e, 0x00, 0x15, 0x00, 0x03, 0x00, 0x18, 0xff, 0xc7, 
    0x00, 0x24, 0x00, 0x13, 0x00, 0x40, 0xff, 0xed, 0x00, 0x06, 0x00, 0x23, 
    0xff, 0xe4, 0x00, 0x24, 0xff, 0xbd, 0x00, 0x25, 0xff, 0xd1, 0x00, 0x34, 
    0xff, 0xeb, 0x00, 0x3f, 0xff, 0xd4, 0x00, 0x40, 0x00, 0x14, 0x00, 0x02, 
    0x00, 0x24, 0x00, 0x11, 0x00, 0x25, 0x00, 0x12, 0x00, 0x03, 0x00, 0x24, 
    0xff, 0xda, 0x00, 0x25, 0xff, 0xe4, 0x00, 0x26, 0xff, 0xed, 0x00, 0x01, 
    0x00, 0x2e, 0xff, 0xeb, 0x00, 0x01, 0x00, 0x25, 0x00, 0x13, 0x00, 0x05, 
    0x00, 0x17, 0xff, 0xe4, 0x00, 0x24, 0xff, 0xe4, 0x00, 0x25, 0xff, 0xed, 
    0x00, 0x26, 0xff, 0xed, 0x00, 0x96, 0xff, 0xba, 0x00, 0x02, 0x00, 0x33, 
    0x00, 0x33, 0x00, 0x35, 0x00, 0x1e, 0x00, 0x01, 0x00, 0x25, 0xff, 0xe4, 
    0x00, 0x01, 0x00, 0x25, 0xff, 0xed, 0x00, 0x08, 0x00, 0x18, 0xff, 0x98, 
    0x00, 0x24, 0x00, 0x26, 0x00, 0x25, 0x00, 0x1c, 0x00, 0x2e, 0x00, 0x13, 
    0x00, 0x35, 0xff, 0xbe, 0x00, 0x38, 0xff, 0xc7, 0x00, 0x3a, 0xff, 0xc7, 
    0x00, 0x96, 0xff, 0x83, 0x00, 0x02, 0x00, 0x18, 0x00, 0x15, 0x00, 0x24, 
    0xff, 0xed, 0x00, 0x02, 0x03, 0x10, 0x00, 0x04, 0x00, 0x00, 0x04, 0x20, 
    0x06, 0x46, 0x00, 0x18, 0x00, 0x10, 0x00, 0x00, 0xff, 0xf5, 0x00, 0x00, 
    0x00, 0x00, 0x00, 0x00, 0x00, 0x00, 0x00, 0x00, 0x00, 0x00, 0x00, 0x00, 
    0x00, 0x00, 0x00, 0x00, 0xff, 0xf3, 0xff, 0xf2, 0xff, 0xc7, 0xff, 0xbe, 
    0x00, 0x00, 0x00, 0x00, 0x00, 0x00, 0x00, 0x00, 0x00, 0x00, 0x00, 0x00, 
    0x00, 0x00, 0x00, 0x00, 0x00, 0x00, 0x00, 0x00, 0x00, 0x00, 0x00, 0x00, 
    0x00, 0x00, 0x00, 0x00, 0xff, 0xbe, 0xff, 0xb4, 0x00, 0x00, 0x00, 0x00, 
    0x00, 0x00, 0xff, 0xed, 0x00, 0x00, 0x00, 0x00, 0x00, 0x00, 0x00, 0x00, 
    0x00, 0x00, 0x00, 0x00, 0x00, 0x00, 0x00, 0x00, 0x00, 0x00, 0x00, 0x00, 
    0x00, 0x00, 0x00, 0x00, 0x00, 0x00, 0x00, 0x00, 0x00, 0x00, 0x00, 0x00, 
    0xff, 0xe4, 0xff, 0xda, 0x00, 0x00, 0x00, 0x00, 0x00, 0x00, 0x00, 0x00, 
    0xff, 0xed, 0x00, 0x00, 0x00, 0x00, 0x00, 0x00, 0xff, 0xda, 0xff, 0xd1, 
    0xff, 0xed, 0x00, 0x00, 0x00, 0x00, 0xff, 0xdb, 0x00, 0x00, 0x00, 0x13, 
    0xff, 0xe8, 0x00, 0x00, 0x00, 0x00, 0x00, 0x00, 0x00, 0x00, 0xff, 0xd8, 
    0xff, 0xe5, 0x00, 0x00, 0xff, 0xbe, 0xff, 0xbe, 0x00, 0x00, 0x00, 0x00, 
    0x00, 0x00, 0x00, 0x00, 0x00, 0x00, 0x00, 0x00, 0x00, 0x00, 0x00, 0x00, 
    0x00, 0x00, 0x00, 0x00, 0x00, 0x00, 0x00, 0x00, 0x00, 0x00, 0x00, 0x00, 
    0xff, 0xba, 0xff, 0xd9, 0x00, 0x00, 0x00, 0x00, 0x00, 0x00, 0xff, 0xe4, 
    0x00, 0x00, 0x00, 0x00, 0x00, 0x00, 0x00, 0x00, 0x00, 0x00, 0x00, 0x00, 
    0x00, 0x00, 0x00, 0x00, 0xff, 0xe4, 0x00, 0x00, 0x00, 0x00, 0x00, 0x00, 
    0x00, 0x00, 0x00, 0x00, 0x00, 0x00, 0x00, 0x00, 0x00, 0x00, 0x00, 0x00, 
    0x00, 0x00, 0x00, 0x00, 0x00, 0x00, 0x00, 0x00, 0x00, 0x00, 0x00, 0x00, 
    0x00, 0x00, 0x00, 0x00, 0xff, 0xda, 0xff, 0xc8, 0x00, 0x00, 0x00, 0x00, 
    0x00, 0x00, 0x00, 0x00, 0x00, 0x00, 0x00, 0x00, 0x00, 0x00, 0x00, 0x00, 
    0x00, 0x00, 0x00, 0x00, 0x00, 0x00, 0x00, 0x00, 0x00, 0x00, 0xff, 0xeb, 
    0x00, 0x00, 0x00, 0x00, 0x00, 0x00, 0x00, 0x00, 0x00, 0x00, 0x00, 0x00, 
    0x00, 0x00, 0x00, 0x00, 0x00, 0x00, 0x00, 0x00, 0x00, 0x00, 0x00, 0x00, 
    0x00, 0x00, 0x00, 0x00, 0x00, 0x00, 0x00, 0x00, 0xff, 0xd1, 0xff, 0xb4, 
    0x00, 0x00, 0x00, 0x00, 0x00, 0x00, 0x00, 0x00, 0x00, 0x00, 0xff, 0xe4, 
    0x00, 0x00, 0x00, 0x00, 0x00, 0x00, 0x00, 0x00, 0x00, 0x00, 0x00, 0x00, 
    0x00, 0x00, 0x00, 0x00, 0x00, 0x00, 0x00, 0x00, 0x00, 0x00, 0x00, 0x00, 
    0x00, 0x00, 0xff, 0xed, 0x00, 0x00, 0x00, 0x00, 0x00, 0x00, 0x00, 0x00, 
    0x00, 0x00, 0x00, 0x00, 0x00, 0x00, 0x00, 0x00, 0x00, 0x00, 0x00, 0x00, 
    0x00, 0x00, 0xff, 0xe9, 0x00, 0x00, 0x00, 0x00, 0x00, 0x00, 0x00, 0x00, 
    0x00, 0x00, 0x00, 0x00, 0x00, 0x00, 0x00, 0x00, 0x00, 0x00, 0x00, 0x00, 
    0x00, 0x00, 0x00, 0x00, 0x00, 0x00, 0x00, 0x00, 0x00, 0x00, 0xff, 0xed, 
    0x00, 0x00, 0x00, 0x00, 0x00, 0x00, 0x00, 0x00, 0xff, 0xed, 0xff, 0xc8, 
    0x00, 0x00, 0x00, 0x00, 0x00, 0x15, 0x00, 0x00, 0x00, 0x00, 0x00, 0x00, 
    0x00, 0x00, 0x00, 0x00, 0x00, 0x00, 0x00, 0x00, 0xff, 0xed, 0x00, 0x00, 
    0x00, 0x00, 0x00, 0x00, 0x00, 0x00, 0x00, 0x18, 0x00, 0x00, 0x00, 0x00, 
    0x00, 0x00, 0x00, 0x00, 0x00, 0x00, 0x00, 0x00, 0x00, 0x00, 0x00, 0x00, 
    0x00, 0x00, 0xff, 0xe4, 0x00, 0x00, 0x00, 0x00, 0x00, 0x00, 0xff, 0xe4, 
    0x00, 0x00, 0x00, 0x00, 0x00, 0x00, 0x00, 0x00, 0x00, 0x00, 0x00, 0x00, 
    0x00, 0x00, 0x00, 0x00, 0xff, 0xe4, 0xff, 0xe4, 0x00, 0x00, 0x00, 0x00, 
    0x00, 0x00, 0x00, 0x00, 0xff, 0xaa, 0xff, 0xda, 0xff, 0xc7, 0xff, 0xbe, 
    0xff, 0xc7, 0x00, 0x00, 0xff, 0xda, 0xff, 0xbe, 0x00, 0x00, 0x00, 0x00, 
    0x00, 0x00, 0xff, 0xbd, 0x00, 0x16, 0x00, 0x13, 0x00, 0x00, 0x00, 0x00, 
    0xff, 0xaa, 0xff, 0xd1, 0xff, 0xb4, 0xff, 0xbe, 0xff, 0xda, 0x00, 0x00, 
    0xff, 0xc7, 0x00, 0x00, 0xff, 0xed, 0x00, 0x00, 0x00, 0x00, 0xff, 0xab, 
    0x00, 0x13, 0x00, 0x00, 0x00, 0x00, 0x00, 0x00, 0x00, 0x00, 0xff, 0xeb, 
    0x00, 0x00, 0x00, 0x12, 0xff, 0xed, 0x00, 0x00, 0x00, 0x00, 0x00, 0x00, 
    0x00, 0x00, 0x00, 0x00, 0x00, 0x00, 0xff, 0xed, 0x00, 0x00, 0xff, 0xf0, 
    0x00, 0x00, 0x00, 0x00, 0x00, 0x00, 0x00, 0x00, 0x00, 0x00, 0x00, 0x00, 
    0x00, 0x00, 0x00, 0x00, 0xff, 0xe4, 0x00, 0x00, 0x00, 0x00, 0x00, 0x00, 
    0x00, 0x00, 0x00, 0x00, 0x00, 0x00, 0x00, 0x00, 0x00, 0x00, 0x00, 0x00, 
    0x00, 0x00, 0x00, 0x00, 0x00, 0x00, 0x00, 0x00, 0x00, 0x00, 0x00, 0x00, 
    0x00, 0x00, 0x00, 0x00, 0x00, 0x00, 0x00, 0x00, 0x00, 0x2a, 0x00, 0x00, 
    0x00, 0x00, 0x00, 0x00, 0x00, 0x00, 0x00, 0x00, 0xff, 0xeb, 0x00, 0x00, 
    0xff, 0xe1, 0x00, 0x00, 0x00, 0x00, 0x00, 0x00, 0x00, 0x00, 0x00, 0x00, 
    0x00, 0x00, 0x00, 0x00, 0x00, 0x00, 0x00, 0x00, 0x00, 0x1c, 0x00, 0x00, 
    0x00, 0x00, 0x00, 0x00, 0x00, 0x00, 0xff, 0xdb, 0x00, 0x00, 0x00, 0x1c, 
    0x00, 0x00, 0xff, 0xed, 0x00, 0x00, 0x00, 0x00, 0x00, 0x00, 0xff, 0xda, 
    0x00, 0x00, 0x00, 0x00, 0xff, 0x98, 0xff, 0xab, 0x00, 0x00, 0x00, 0x00, 
    0x00, 0x00, 0x00, 0x00, 0x00, 0x00, 0x00, 0x00, 0x00, 0x00, 0x00, 0x00, 
    0x00, 0x00, 0x00, 0x00, 0x00, 0x00, 0x00, 0x00, 0x00, 0x00, 0x00, 0x00, 
    0xff, 0xd1, 0xff, 0xe4, 0x00, 0x00, 0x00, 0x01, 0x00, 0x86, 0x00, 0x0f, 
    0x00, 0x11, 0x00, 0x12, 0x00, 0x13, 0x00, 0x17, 0x00, 0x1a, 0x00, 0x1d, 
    0x00, 0x20, 0x00, 0x22, 0x00, 0x23, 0x00, 0x27, 0x00, 0x28, 0x00, 0x2b, 
    0x00, 0x2d, 0x00, 0x2e, 0x00, 0x30, 0x00, 0x35, 0x00, 0x36, 0x00, 0x39, 
    0x00, 0x3b, 0x00, 0x3c, 0x00, 0x3d, 0x00, 0x3e, 0x00, 0x41, 0x00, 0x42, 
    0x00, 0x4a, 0x00, 0x4b, 0x00, 0x4d, 0x00, 0x4e, 0x00, 0x52, 0x00, 0x83, 
    0x00, 0x85, 0x00, 0x96, 0x00, 0xb0, 0x00, 0xb5, 0x00, 0xb6, 0x00, 0xba, 
    0x00, 0xbb, 0x00, 0xbc, 0x00, 0xbd, 0x00, 0xbe, 0x00, 0xbf, 0x00, 0xc0, 
    0x00, 0xc1, 0x00, 0xc2, 0x00, 0xc3, 0x00, 0xc4, 0x00, 0xc5, 0x00, 0xc6, 
    0x00, 0xc7, 0x00, 0xc8, 0x00, 0xc9, 0x00, 0xca, 0x00, 0xcb, 0x00, 0xcc, 
    0x00, 0xcd, 0x00, 0xce, 0x00, 0xcf, 0x00, 0xd0, 0x00, 0xd1, 0x00, 0xd2, 
    0x00, 0xd3, 0x00, 0xd4, 0x00, 0xd5, 0x00, 0xd6, 0x00, 0xd7, 0x00, 0xdd, 
    0x00, 0xde, 0x00, 0xdf, 0x00, 0xe0, 0x00, 0xe1, 0x00, 0xe2, 0x00, 0xe3, 
    0x00, 0xe4, 0x00, 0xe5, 0x00, 0xe6, 0x00, 0xe7, 0x00, 0xed, 0x00, 0xee, 
    0x00, 0xef, 0x00, 0xf0, 0x00, 0xf1, 0x00, 0xf2, 0x00, 0xf4, 0x00, 0xf5, 
    0x00, 0xf6, 0x00, 0xf7, 0x00, 0xf8, 0x01, 0x03, 0x01, 0x04, 0x01, 0x05, 
    0x01, 0x06, 0x01, 0x07, 0x01, 0x08, 0x01, 0x09, 0x01, 0x0a, 0x01, 0x0b, 
    0x01, 0x0c, 0x01, 0x0d, 0x01, 0x0e, 0x01, 0x11, 0x01, 0x13, 0x01, 0x15, 
    0x01, 0x16, 0x01, 0x17, 0x01, 0x18, 0x01, 0x1a, 0x01, 0x1e, 0x01, 0x20, 
    0x01, 0x22, 0x01, 0x24, 0x01, 0x26, 0x01, 0x27, 0x01, 0x28, 0x01, 0x29, 
    0x01, 0x2a, 0x01, 0x34, 0x01, 0x35, 0x01, 0x37, 0x01, 0x39, 0x01, 0x3a, 
    0x01, 0x3c, 0x01, 0x3e, 0x01, 0x3f, 0x01, 0x40, 0x01, 0x41, 0x01, 0x45, 
    0x01, 0x46, 0x01, 0x48, 0x01, 0x4a, 0x01, 0x4b, 0x01, 0x6a, 0x01, 0x6c, 
    0x01, 0x6e, 0x00, 0x02, 0x00, 0x5b, 0x00, 0x0f, 0x00, 0x0f, 0x00, 0x04, 
    0x00, 0x11, 0x00, 0x11, 0x00, 0x0b, 0x00, 0x12, 0x00, 0x12, 0x00, 0x03, 
    0x00, 0x13, 0x00, 0x13, 0x00, 0x02, 0x00, 0x17, 0x00, 0x17, 0x00, 0x06, 
    0x00, 0x1a, 0x00, 0x1a, 0x00, 0x16, 0x00, 0x1d, 0x00, 0x1d, 0x00, 0x03, 
    0x00, 0x20, 0x00, 0x20, 0x00, 0x12, 0x00, 0x22, 0x00, 0x22, 0x00, 0x10, 
    0x00, 0x23, 0x00, 0x23, 0x00, 0x0a, 0x00, 0x27, 0x00, 0x27, 0x00, 0x11, 
    0x00, 0x28, 0x00, 0x28, 0x00, 0x0f, 0x00, 0x2b, 0x00, 0x2b, 0x00, 0x09, 
    0x00, 0x2d, 0x00, 0x2d, 0x00, 0x01, 0x00, 0x2e, 0x00, 0x2e, 0x00, 0x15, 
    0x00, 0x39, 0x00, 0x39, 0x00, 0x17, 0x00, 0x3b, 0x00, 0x3b, 0x00, 0x07, 
    0x00, 0x3c, 0x00, 0x3c, 0x00, 0x0e, 0x00, 0x3d, 0x00, 0x3d, 0x00, 0x05, 
    0x00, 0x3e, 0x00, 0x3e, 0x00, 0x0d, 0x00, 0x41, 0x00, 0x41, 0x00, 0x0d, 
    0x00, 0x42, 0x00, 0x42, 0x00, 0x0c, 0x00, 0x4a, 0x00, 0x4a, 0x00, 0x13, 
    0x00, 0x4b, 0x00, 0x4b, 0x00, 0x08, 0x00, 0x4d, 0x00, 0x4d, 0x00, 0x13, 
    0x00, 0x4e, 0x00, 0x4e, 0x00, 0x08, 0x00, 0x52, 0x00, 0x52, 0x00, 0x08, 
    0x00, 0x83, 0x00, 0x83, 0x00, 0x08, 0x00, 0x85, 0x00, 0x85, 0x00, 0x08, 
    0x00, 0x96, 0x00, 0x96, 0x00, 0x02, 0x00, 0xb0, 0x00, 0xb0, 0x00, 0x16, 
    0x00, 0xb5, 0x00, 0xb5, 0x00, 0x01, 0x00, 0xb6, 0x00, 0xb6, 0x00, 0x03, 
    0x00, 0xba, 0x00, 0xba, 0x00, 0x02, 0x00, 0xbb, 0x00, 0xbb, 0x00, 0x01, 
    0x00, 0xbc, 0x00, 0xc2, 0x00, 0x04, 0x00, 0xca, 0x00, 0xca, 0x00, 0x0b, 
    0x00, 0xcb, 0x00, 0xcb, 0x00, 0x09, 0x00, 0xcc, 0x00, 0xcf, 0x00, 0x02, 
    0x00, 0xd0, 0x00, 0xd3, 0x00, 0x01, 0x00, 0xd4, 0x00, 0xd7, 0x00, 0x06, 
    0x00, 0xdd, 0x00, 0xe1, 0x00, 0x03, 0x00, 0xe2, 0x00, 0xe5, 0x00, 0x0a, 
    0x00, 0xe6, 0x00, 0xe6, 0x00, 0x11, 0x00, 0xed, 0x00, 0xf0, 0x00, 0x05, 
    0x00, 0xf1, 0x00, 0xf2, 0x00, 0x0d, 0x00, 0xf4, 0x00, 0xf4, 0x00, 0x07, 
    0x00, 0xf5, 0x00, 0xf5, 0x00, 0x11, 0x00, 0xf6, 0x00, 0xf6, 0x00, 0x0f, 
    0x00, 0xf7, 0x00, 0xf7, 0x00, 0x0c, 0x00, 0xf8, 0x00, 0xf8, 0x00, 0x03, 
    0x01, 0x03, 0x01, 0x03, 0x00, 0x04, 0x01, 0x05, 0x01, 0x05, 0x00, 0x04, 
    0x01, 0x07, 0x01, 0x07, 0x00, 0x02, 0x01, 0x08, 0x01, 0x08, 0x00, 0x01, 
    0x01, 0x09, 0x01, 0x09, 0x00, 0x02, 0x01, 0x0a, 0x01, 0x0a, 0x00, 0x01, 
    0x01, 0x0b, 0x01, 0x0b, 0x00, 0x02, 0x01, 0x0c, 0x01, 0x0c, 0x00, 0x01, 
    0x01, 0x0d, 0x01, 0x0d, 0x00, 0x02, 0x01, 0x0e, 0x01, 0x0e, 0x00, 0x01, 
    0x01, 0x11, 0x01, 0x11, 0x00, 0x06, 0x01, 0x13, 0x01, 0x13, 0x00, 0x06, 
    0x01, 0x15, 0x01, 0x15, 0x00, 0x0b, 0x01, 0x16, 0x01, 0x16, 0x00, 0x09, 
    0x01, 0x17, 0x01, 0x17, 0x00, 0x0b, 0x01, 0x18, 0x01, 0x18, 0x00, 0x09, 
    0x01, 0x1a, 0x01, 0x1a, 0x00, 0x07, 0x01, 0x1e, 0x01, 0x1e, 0x00, 0x05, 
    0x01, 0x20, 0x01, 0x20, 0x00, 0x05, 0x01, 0x22, 0x01, 0x22, 0x00, 0x05, 
    0x01, 0x27, 0x01, 0x27, 0x00, 0x0f, 0x01, 0x28, 0x01, 0x28, 0x00, 0x0c, 
    0x01, 0x29, 0x01, 0x29, 0x00, 0x0f, 0x01, 0x2a, 0x01, 0x2a, 0x00, 0x0c, 
    0x01, 0x34, 0x01, 0x34, 0x00, 0x10, 0x01, 0x35, 0x01, 0x35, 0x00, 0x14, 
    0x01, 0x37, 0x01, 0x37, 0x00, 0x0e, 0x01, 0x3a, 0x01, 0x3a, 0x00, 0x12, 
    0x01, 0x3c, 0x01, 0x3c, 0x00, 0x12, 0x01, 0x3e, 0x01, 0x3e, 0x00, 0x03, 
    0x01, 0x3f, 0x01, 0x3f, 0x00, 0x15, 0x01, 0x40, 0x01, 0x40, 0x00, 0x03, 
    0x01, 0x41, 0x01, 0x41, 0x00, 0x14, 0x01, 0x45, 0x01, 0x45, 0x00, 0x0b, 
    0x01, 0x46, 0x01, 0x46, 0x00, 0x09, 0x01, 0x48, 0x01, 0x48, 0x00, 0x07, 
    0x01, 0x4a, 0x01, 0x4b, 0x00, 0x10, 0x01, 0x6a, 0x01, 0x6a, 0x00, 0x07, 
    0x01, 0x6c, 0x01, 0x6c, 0x00, 0x0e, 0x01, 0x6e, 0x01, 0x6e, 0x00, 0x0e, 
    0x00, 0x02, 0x00, 0x52, 0x00, 0x0f, 0x00, 0x0f, 0x00, 0x04, 0x00, 0x11, 
    0x00, 0x11, 0x00, 0x02, 0x00, 0x15, 0x00, 0x15, 0x00, 0x02, 0x00, 0x1d, 
    0x00, 0x1d, 0x00, 0x02, 0x00, 0x1f, 0x00, 0x1f, 0x00, 0x02, 0x00, 0x22, 
    0x00, 0x22, 0x00, 0x0d, 0x00, 0x27, 0x00, 0x27, 0x00, 0x0e, 0x00, 0x28, 
    0x00, 0x28, 0x00, 0x0f, 0x00, 0x29, 0x00, 0x29, 0x00, 0x03, 0x00, 0x2b, 
    0x00, 0x2d, 0x00, 0x01, 0x00, 0x2f, 0x00, 0x2f, 0x00, 0x0c, 0x00, 0x31, 
    0x00, 0x31, 0x00, 0x06, 0x00, 0x36, 0x00, 0x36, 0x00, 0x08, 0x00, 0x37, 
    0x00, 0x37, 0x00, 0x01, 0x00, 0x39, 0x00, 0x39, 0x00, 0x01, 0x00, 0x3b, 
    0x00, 0x3b, 0x00, 0x07, 0x00, 0x3c, 0x00, 0x3c, 0x00, 0x0b, 0x00, 0x3d, 
    0x00, 0x3d, 0x00, 0x05, 0x00, 0x3e, 0x00, 0x3e, 0x00, 0x0a, 0x00, 0x41, 
    0x00, 0x41, 0x00, 0x0a, 0x00, 0x42, 0x00, 0x42, 0x00, 0x09, 0x00, 0xb2, 
    0x00, 0xb2, 0x00, 0x01, 0x00, 0xb5, 0x00, 0xb5, 0x00, 0x03, 0x00, 0xb6, 
    0x00, 0xb6, 0x00, 0x01, 0x00, 0xba, 0x00, 0xba, 0x00, 0x02, 0x00, 0xbb, 
    0x00, 0xbb, 0x00, 0x01, 0x00, 0xbc, 0x00, 0xc2, 0x00, 0x04, 0x00, 0xc3, 
    0x00, 0xc9, 0x00, 0x03, 0x00, 0xca, 0x00, 0xca, 0x00, 0x02, 0x00, 0xcb, 
    0x00, 0xcb, 0x00, 0x01, 0x00, 0xd0, 0x00, 0xd3, 0x00, 0x01, 0x00, 0xd8, 
    0x00, 0xdb, 0x00, 0x06, 0x00, 0xdd, 0x00, 0xe1, 0x00, 0x02, 0x00, 0xe6, 
    0x00, 0xe6, 0x00, 0x0e, 0x00, 0xe7, 0x00, 0xe7, 0x00, 0x08, 0x00, 0xe8, 
    0x00, 0xec, 0x00, 0x01, 0x00, 0xed, 0x00, 0xf0, 0x00, 0x05, 0x00, 0xf1, 
    0x00, 0xf2, 0x00, 0x0a, 0x00, 0xf4, 0x00, 0xf4, 0x00, 0x07, 0x00, 0xf5, 
    0x00, 0xf5, 0x00, 0x0e, 0x00, 0xf6, 0x00, 0xf6, 0x00, 0x0f, 0x00, 0xf7, 
    0x00, 0xf7, 0x00, 0x09, 0x01, 0x03, 0x01, 0x03, 0x00, 0x04, 0x01, 0x04, 
    0x01, 0x04, 0x00, 0x03, 0x01, 0x05, 0x01, 0x05, 0x00, 0x04, 0x01, 0x06, 
    0x01, 0x06, 0x00, 0x03, 0x01, 0x08, 0x01, 0x08, 0x00, 0x01, 0x01, 0x0a, 
    0x01, 0x0a, 0x00, 0x01, 0x01, 0x0c, 0x01, 0x0c, 0x00, 0x01, 0x01, 0x0e, 
    0x01, 0x0e, 0x00, 0x01, 0x01, 0x12, 0x01, 0x12, 0x00, 0x06, 0x01, 0x14, 
    0x01, 0x14, 0x00, 0x06, 0x01, 0x15, 0x01, 0x15, 0x00, 0x02, 0x01, 0x16, 
    0x01, 0x16, 0x00, 0x01, 0x01, 0x17, 0x01, 0x17, 0x00, 0x02, 0x01, 0x18, 
    0x01, 0x18, 0x00, 0x01, 0x01, 0x1a, 0x01, 0x1a, 0x00, 0x07, 0x01, 0x1c, 
    0x01, 0x1c, 0x00, 0x05, 0x01, 0x1e, 0x01, 0x1e, 0x00, 0x05, 0x01, 0x20, 
    0x01, 0x20, 0x00, 0x05, 0x01, 0x22, 0x01, 0x22, 0x00, 0x05, 0x01, 0x24, 
    0x01, 0x24, 0x00, 0x08, 0x01, 0x26, 0x01, 0x26, 0x00, 0x08, 0x01, 0x28, 
    0x01, 0x28, 0x00, 0x09, 0x01, 0x2a, 0x01, 0x2a, 0x00, 0x09, 0x01, 0x2d, 
    0x01, 0x2d, 0x00, 0x02, 0x01, 0x2e, 0x01, 0x2e, 0x00, 0x0c, 0x01, 0x2f, 
    0x01, 0x2f, 0x00, 0x02, 0x01, 0x30, 0x01, 0x31, 0x00, 0x0c, 0x01, 0x34, 
    0x01, 0x34, 0x00, 0x0d, 0x01, 0x37, 0x01, 0x37, 0x00, 0x0b, 0x01, 0x39, 
    0x01, 0x39, 0x00, 0x08, 0x01, 0x3f, 0x01, 0x3f, 0x00, 0x01, 0x01, 0x41, 
    0x01, 0x41, 0x00, 0x01, 0x01, 0x44, 0x01, 0x45, 0x00, 0x02, 0x01, 0x46, 
    0x01, 0x46, 0x00, 0x01, 0x01, 0x48, 0x01, 0x48, 0x00, 0x07, 0x01, 0x4a, 
    0x01, 0x4b, 0x00, 0x0d, 0x01, 0x62, 0x01, 0x62, 0x00, 0x06, 0x01, 0x6a, 
    0x01, 0x6a, 0x00, 0x07, 0x01, 0x6c, 0x01, 0x6c, 0x00, 0x0b, 0x01, 0x6e, 
    0x01, 0x6e, 0x00, 0x0b, 0x00, 0x04, 0x00, 0x00, 0x00, 0x01, 0x00, 0x08, 
    0x00, 0x01, 0x00, 0x0c, 0x00, 0x34, 0x00, 0x04, 0x00, 0xb6, 0x01, 0x30, 
    0x00, 0x02, 0x00, 0x06, 0x01, 0x4c, 0x01, 0x4f, 0x00, 0x00, 0x01, 0x51, 
    0x01, 0x5b, 0x00, 0x04, 0x01, 0x5e, 0x01, 0x61, 0x00, 0x0f, 0x01, 0x63, 
    0x01, 0x64, 0x00, 0x13, 0x01, 0x66, 0x01, 0x69, 0x00, 0x15, 0x01, 0x6f, 
    0x01, 0x70, 0x00, 0x19, 0x00, 0x02, 0x00, 0x15, 0x00, 0x0f, 0x00, 0x0f, 
    0x00, 0x00, 0x00, 0x11, 0x00, 0x13, 0x00, 0x01, 0x00, 0x15, 0x00, 0x17, 
    0x00, 0x04, 0x00, 0x19, 0x00, 0x1a, 0x00, 0x07, 0x00, 0x1c, 0x00, 0x1d, 
    0x00, 0x09, 0x00, 0x20, 0x00, 0x23, 0x00, 0x0b, 0x00, 0x27, 0x00, 0x29, 
    0x00, 0x0f, 0x00, 0x2b, 0x00, 0x2d, 0x00, 0x12, 0x00, 0x2f, 0x00, 0x30, 
    0x00, 0x15, 0x00, 0x33, 0x00, 0x37, 0x00, 0x17, 0x00, 0x3a, 0x00, 0x3d, 
    0x00, 0x1c, 0x00, 0x41, 0x00, 0x42, 0x00, 0x20, 0x00, 0xbc, 0x00, 0xf8, 
    0x00, 0x22, 0x01, 0x03, 0x01, 0x13, 0x00, 0x5f, 0x01, 0x15, 0x01, 0x21, 
    0x00, 0x70, 0x01, 0x23, 0x01, 0x2b, 0x00, 0x7d, 0x01, 0x2d, 0x01, 0x3e, 
    0x00, 0x86, 0x01, 0x40, 0x01, 0x4b, 0x00, 0x98, 0x01, 0x62, 0x01, 0x62, 
    0x00, 0xa4, 0x01, 0x6a, 0x01, 0x6a, 0x00, 0xa5, 0x01, 0x6c, 0x01, 0x6e, 
    0x00, 0xa6, 0x00, 0x1b, 0x00, 0x00, 0x0b, 0x42, 0x00, 0x00, 0x0b, 0x48, 
    0x00, 0x00, 0x0b, 0x4e, 0x00, 0x00, 0x0b, 0x54, 0x00, 0x00, 0x0b, 0x5a, 
    0x00, 0x01, 0x00, 0x6e, 0x00, 0x00, 0x0b, 0x60, 0x00, 0x02, 0x0a, 0x84, 
    0x00, 0x00, 0x0b, 0x5a, 0x00, 0x00, 0x0b, 0x60, 0x00, 0x02, 0x0a, 0x8a, 
    0x00, 0x00, 0x0b, 0x66, 0x00, 0x00, 0x0b, 0x6c, 0x00, 0x00, 0x0b, 0x72, 
    0x00, 0x00, 0x0b, 0x78, 0x00, 0x00, 0x0b, 0x7e, 0x00, 0x00, 0x0b, 0x84, 
    0x00, 0x00, 0x0b, 0x8a, 0x00, 0x00, 0x0b, 0x90, 0x00, 0x00, 0x0b, 0x96, 
    0x00, 0x00, 0x0c, 0x3c, 0x00, 0x03, 0x00, 0x74, 0x00, 0x03, 0x00, 0x74, 
    0x00, 0x00, 0x0b, 0x9c, 0x00, 0x00, 0x0b, 0xa2, 0x00, 0x00, 0x0b, 0xa8, 
    0x00, 0x00, 0x0b, 0xae, 0x00, 0x01, 0x00, 0x00, 0x02, 0x9b, 0x00, 0x01, 
    0x00, 0x9d, 0x00, 0x00, 0x00, 0xa9, 0x07, 0x06, 0x00, 0x00, 0x07, 0x0c, 
    0x07, 0x12, 0x05, 0xec, 0x00, 0x00, 0x09, 0x7c, 0x00, 0x00, 0x05, 0x4a, 
    0x00, 0x00, 0x09, 0x3a, 0x00, 0x00, 0x07, 0x3c, 0x00, 0x00, 0x07, 0x4e, 
    0x07, 0x54, 0x09, 0x6a, 0x00, 0x00, 0x08, 0x8c, 0x00, 0x00, 0x08, 0x14, 
    0x00, 0x00, 0x08, 0x20, 0x00, 0x00, 0x07, 0xa2, 0x00, 0x00, 0x07, 0xa8, 
    0x07, 0xae, 0x09, 0x52, 0x00, 0x00, 0x05, 0x50, 0x00, 0x00, 0x08, 0xd4, 
    0x08, 0xda, 0x08, 0xe0, 0x00, 0x00, 0x08, 0xec, 0x00, 0x00, 0x08, 0x3e, 
    0x00, 0x00, 0x05, 0x56, 0x07, 0x6c, 0x07, 0x72, 0x07, 0x78, 0x05, 0x5c, 
    0x00, 0x00, 0x09, 0x16, 0x00, 0x00, 0x09, 0x9a, 0x00, 0x00, 0x07, 0xd2, 
    0x00, 0x00, 0x09, 0xa6, 0x00, 0x00, 0x08, 0xbc, 0x00, 0x00, 0x08, 0x14, 
    0x08, 0x1a, 0x08, 0x20, 0x08, 0x26, 0x09, 0x9a, 0x00, 0x00, 0x07, 0xd2, 
    0x00, 0x00, 0x07, 0x3c, 0x00, 0x00, 0x08, 0x62, 0x00, 0x00, 0x07, 0x18, 
    0x00, 0x00, 0x07, 0x1e, 0x07, 0x24, 0x05, 0xf8, 0x00, 0x00, 0x09, 0x88, 
    0x00, 0x00, 0x09, 0x40, 0x09, 0x46, 0x09, 0x4c, 0x00, 0x00, 0x07, 0x42, 
    0x00, 0x00, 0x09, 0x88, 0x07, 0x60, 0x08, 0x9e, 0x00, 0x00, 0x08, 0x98, 
    0x00, 0x00, 0x05, 0x62, 0x00, 0x00, 0x07, 0xae, 0x00, 0x00, 0x09, 0x5e, 
    0x00, 0x00, 0x05, 0x68, 0x00, 0x00, 0x08, 0xc2, 0x08, 0xc8, 0x08, 0xce, 
    0x00, 0x00, 0x05, 0x6e, 0x00, 0x00, 0x05, 0x74, 0x00, 0x00, 0x08, 0xf8, 
    0x00, 0x00, 0x08, 0x4a, 0x00, 0x00, 0x05, 0x7a, 0x07, 0x84, 0x07, 0x8a, 
    0x07, 0x90, 0x05, 0x80, 0x00, 0x00, 0x09, 0x22, 0x00, 0x00, 0x09, 0xc4, 
    0x00, 0x00, 0x08, 0x6e, 0x00, 0x00, 0x0a, 0xe0, 0x09, 0xd6, 0x08, 0xe6, 
    0x00, 0x00, 0x05, 0x86, 0x08, 0x02, 0x08, 0x08, 0x08, 0x0e, 0x05, 0x8c, 
    0x00, 0x00, 0x06, 0xdc, 0x00, 0x00, 0x05, 0x92, 0x00, 0x00, 0x08, 0x6e, 
    0x00, 0x00, 0x05, 0x98, 0x00, 0x00, 0x07, 0x0c, 0x07, 0x12, 0x05, 0x9e, 
    0x00, 0x00, 0x07, 0x0c, 0x07, 0x12, 0x05, 0xa4, 0x00, 0x00, 0x07, 0x0c, 
    0x07, 0x12, 0x05, 0xaa, 0x00, 0x00, 0x07, 0x0c, 0x07, 0x12, 0x05, 0xb0, 
    0x00, 0x00, 0x07, 0x0c, 0x07, 0x12, 0x05, 0xb6, 0x00, 0x00, 0x07, 0x0c, 
    0x07, 0x12, 0x05, 0xbc, 0x00, 0x00, 0x07, 0x0c, 0x07, 0x12, 0x05, 0xc2, 
    0x00, 0x00, 0x07, 0x1e, 0x07, 0x24, 0x05, 0xc8, 0x00, 0x00, 0x07, 0x1e, 
    0x07, 0x24, 0x05, 0xce, 0x00, 0x00, 0x07, 0x1e, 0x07, 0x24, 0x05, 0xd4, 
    0x00, 0x00, 0x07, 0x1e, 0x07, 0x24, 0x05, 0xda, 0x00, 0x00, 0x07, 0x1e, 
    0x07, 0x24, 0x05, 0xe0, 0x00, 0x00, 0x07, 0x1e, 0x07, 0x24, 0x05, 0xe6, 
    0x00, 0x00, 0x07, 0x1e, 0x07, 0x24, 0x05, 0xec, 0x00, 0x00, 0x05, 0xf2, 
    0x00, 0x00, 0x05, 0xf8, 0x00, 0x00, 0x05, 0xfe, 0x00, 0x00, 0x06, 0x04, 
    0x00, 0x00, 0x07, 0x4e, 0x07, 0x54, 0x08, 0x50, 0x00, 0x00, 0x07, 0x4e, 
    0x07, 0x54, 0x06, 0x0a, 0x00, 0x00, 0x07, 0x4e, 0x07, 0x54, 0x06, 0x10, 
    0x00, 0x00, 0x07, 0x4e, 0x07, 0x54, 0x06, 0xd0, 0x00, 0x00, 0x09, 0x88, 
    0x07, 0x60, 0x06, 0x16, 0x00, 0x00, 0x09, 0x88, 0x07, 0x60, 0x06, 0x1c, 
    0x00, 0x00, 0x09, 0x88, 0x07, 0x60, 0x06, 0x22, 0x00, 0x00, 0x09, 0x88, 
    0x07, 0x60, 0x06, 0x28, 0x00, 0x00, 0x07, 0xa8, 0x07, 0xae, 0x06, 0x2e, 
    0x00, 0x00, 0x07, 0xa8, 0x07, 0xae, 0x06, 0x34, 0x00, 0x00, 0x07, 0xa8, 
    0x07, 0xae, 0x06, 0x3a, 0x00, 0x00, 0x07, 0xa8, 0x07, 0xae, 0x06, 0x40, 
    0x00, 0x00, 0x09, 0xb8, 0x09, 0xbe, 0x06, 0x46, 0x00, 0x00, 0x09, 0xb8, 
    0x09, 0xbe, 0x06, 0x4c, 0x00, 0x00, 0x09, 0xb8, 0x09, 0xbe, 0x06, 0x52, 
    0x00, 0x00, 0x09, 0xb8, 0x09, 0xbe, 0x06, 0x58, 0x00, 0x00, 0x08, 0x3e, 
    0x00, 0x00, 0x06, 0x5e, 0x07, 0x6c, 0x07, 0x72, 0x07, 0x78, 0x06, 0x64, 
    0x07, 0x6c, 0x07, 0x72, 0x07, 0x78, 0x06, 0x6a, 0x07, 0x6c, 0x07, 0x72, 
    0x07, 0x78, 0x06, 0x70, 0x07, 0x6c, 0x07, 0x72, 0x07, 0x78, 0x06, 0x76, 
    0x07, 0x6c, 0x07, 0x72, 0x07, 0x78, 0x06, 0x7c, 0x08, 0x1a, 0x08, 0x20, 
    0x08, 0x26, 0x06, 0x82, 0x08, 0x1a, 0x08, 0x20, 0x08, 0x26, 0x06, 0x88, 
    0x08, 0x1a, 0x08, 0x20, 0x08, 0x26, 0x06, 0x8e, 0x08, 0x1a, 0x08, 0x20, 
    0x08, 0x26, 0x07, 0xcc, 0x00, 0x00, 0x07, 0xd2, 0x00, 0x00, 0x06, 0x94, 
    0x00, 0x00, 0x08, 0x4a, 0x00, 0x00, 0x06, 0x9a, 0x07, 0x84, 0x07, 0x8a, 
    0x07, 0x90, 0x06, 0xa0, 0x07, 0x84, 0x07, 0x8a, 0x07, 0x90, 0x06, 0xa6, 
    0x07, 0x84, 0x07, 0x8a, 0x07, 0x90, 0x06, 0xac, 0x07, 0x84, 0x07, 0x8a, 
    0x07, 0x90, 0x06, 0xb2, 0x07, 0x84, 0x07, 0x8a, 0x07, 0x90, 0x06, 0xb8, 
    0x08, 0x02, 0x08, 0x08, 0x08, 0x0e, 0x06, 0xbe, 0x08, 0x02, 0x08, 0x08, 
    0x08, 0x0e, 0x06, 0xc4, 0x08, 0x02, 0x08, 0x08, 0x08, 0x0e, 0x06, 0xca, 
    0x08, 0x02, 0x08, 0x08, 0x08, 0x0e, 0x06, 0xd0, 0x00, 0x00, 0x06, 0xdc, 
    0x00, 0x00, 0x06, 0xd6, 0x00, 0x00, 0x06, 0xdc, 0x00, 0x00, 0x06, 0xe2, 
    0x00, 0x00, 0x07, 0xd2, 0x00, 0x00, 0x06, 0xe8, 0x00, 0x00, 0x08, 0x6e, 
    0x00, 0x00, 0x06, 0xee, 0x00, 0x00, 0x07, 0xd2, 0x00, 0x00, 0x07, 0x48, 
    0x00, 0x00, 0x08, 0x62, 0x00, 0x00, 0x06, 0xf4, 0x00, 0x00, 0x08, 0x6e, 
    0x00, 0x00, 0x09, 0x28, 0x00, 0x00, 0x09, 0x2e, 0x00, 0x00, 0x06, 0xfa, 
    0x00, 0x00, 0x07, 0x0c, 0x07, 0x12, 0x07, 0x00, 0x00, 0x00, 0x07, 0x1e, 
    0x07, 0x24, 0x07, 0x06, 0x00, 0x00, 0x07, 0x0c, 0x07, 0x12, 0x07, 0x18, 
    0x00, 0x00, 0x07, 0x1e, 0x07, 0x24, 0x07, 0x2a, 0x00, 0x00, 0x07, 0x4e, 
    0x07, 0x54, 0x07, 0x30, 0x00, 0x00, 0x09, 0x88, 0x07, 0x60, 0x08, 0x5c, 
    0x00, 0x00, 0x07, 0x4e, 0x07, 0x54, 0x07, 0x36, 0x00, 0x00, 0x09, 0x88, 
    0x07, 0x60, 0x07, 0x3c, 0x00, 0x00, 0x07, 0x4e, 0x07, 0x54, 0x07, 0x42, 
    0x00, 0x00, 0x09, 0x88, 0x07, 0x60, 0x07, 0x48, 0x00, 0x00, 0x07, 0x4e, 
    0x07, 0x54, 0x07, 0x5a, 0x00, 0x00, 0x09, 0x88, 0x07, 0x60, 0x07, 0x66, 
    0x07, 0x6c, 0x07, 0x72, 0x07, 0x78, 0x07, 0x7e, 0x07, 0x84, 0x07, 0x8a, 
    0x07, 0x90, 0x07, 0x96, 0x00, 0x00, 0x07, 0xa8, 0x07, 0xae, 0x07, 0x9c, 
    0x00, 0x00, 0x09, 0xb8, 0x09, 0xbe, 0x07, 0xa2, 0x00, 0x00, 0x07, 0xa8, 
    0x07, 0xae, 0x07, 0xb4, 0x00, 0x00, 0x09, 0x7c, 0x00, 0x00, 0x07, 0xba, 
    0x00, 0x00, 0x09, 0x88, 0x00, 0x00, 0x07, 0xc0, 0x00, 0x00, 0x09, 0x7c, 
    0x00, 0x00, 0x07, 0xc6, 0x00, 0x00, 0x09, 0x88, 0x00, 0x00, 0x07, 0xcc, 
    0x00, 0x00, 0x07, 0xd2, 0x00, 0x00, 0x07, 0xd8, 0x00, 0x00, 0x08, 0x6e, 
    0x00, 0x00, 0x07, 0xde, 0x08, 0x1a, 0x08, 0x20, 0x08, 0x26, 0x07, 0xe4, 
    0x08, 0x02, 0x08, 0x08, 0x08, 0x0e, 0x07, 0xea, 0x08, 0x1a, 0x08, 0x20, 
    0x08, 0x26, 0x07, 0xf0, 0x08, 0x02, 0x08, 0x08, 0x08, 0x0e, 0x07, 0xf6, 
    0x08, 0x1a, 0x08, 0x20, 0x08, 0x26, 0x07, 0xfc, 0x08, 0x02, 0x08, 0x08, 
    0x08, 0x0e, 0x08, 0x14, 0x08, 0x1a, 0x08, 0x20, 0x08, 0x26, 0x08, 0x2c, 
    0x00, 0x00, 0x08, 0x3e, 0x00, 0x00, 0x08, 0x32, 0x00, 0x00, 0x08, 0x4a, 
    0x00, 0x00, 0x08, 0x38, 0x00, 0x00, 0x08, 0x3e, 0x00, 0x00, 0x08, 0x44, 
    0x00, 0x00, 0x08, 0x4a, 0x00, 0x00, 0x08, 0x50, 0x00, 0x00, 0x08, 0x62, 
    0x00, 0x00, 0x08, 0x56, 0x00, 0x00, 0x08, 0x6e, 0x00, 0x00, 0x08, 0x5c, 
    0x00, 0x00, 0x08, 0x62, 0x00, 0x00, 0x08, 0x68, 0x00, 0x00, 0x08, 0x6e, 
    0x00, 0x00, 0x08, 0x74, 0x00, 0x00, 0x08, 0x8c, 0x00, 0x00, 0x08, 0x7a, 
    0x00, 0x00, 0x08, 0x8c, 0x00, 0x00, 0x08, 0x80, 0x00, 0x00, 0x08, 0x98, 
    0x00, 0x00, 0x08, 0x86, 0x00, 0x00, 0x08, 0x8c, 0x00, 0x00, 0x08, 0x92, 
    0x00, 0x00, 0x08, 0x98, 0x00, 0x00, 0x08, 0x9e, 0x00, 0x00, 0x08, 0xa4, 
    0x00, 0x00, 0x08, 0xd4, 0x08, 0xda, 0x08, 0xaa, 0x00, 0x00, 0x08, 0xc2, 
    0x08, 0xc8, 0x08, 0xb0, 0x00, 0x00, 0x08, 0xb6, 0x00, 0x00, 0x08, 0xbc, 
    0x00, 0x00, 0x08, 0xc2, 0x08, 0xc8, 0x08, 0xce, 0x00, 0x00, 0x08, 0xd4, 
    0x08, 0xda, 0x08, 0xe0, 0x00, 0x00, 0x0a, 0xe0, 0x09, 0xd6, 0x08, 0xe6, 
    0x00, 0x00, 0x08, 0xec, 0x00, 0x00, 0x08, 0xf2, 0x00, 0x00, 0x08, 0xf8, 
    0x00, 0x00, 0x08, 0xfe, 0x00, 0x00, 0x09, 0x04, 0x00, 0x00, 0x09, 0x16, 
    0x00, 0x00, 0x09, 0x0a, 0x00, 0x00, 0x09, 0x22, 0x00, 0x00, 0x09, 0x10, 
    0x00, 0x00, 0x09, 0x16, 0x00, 0x00, 0x09, 0x1c, 0x00, 0x00, 0x09, 0x22, 
    0x00, 0x00, 0x09, 0x28, 0x00, 0x00, 0x09, 0x2e, 0x00, 0x00, 0x09, 0x34, 
    0x00, 0x00, 0x09, 0x3a, 0x00, 0x00, 0x09, 0x40, 0x09, 0x46, 0x09, 0x4c, 
    0x00, 0x00, 0x09, 0x52, 0x00, 0x00, 0x09, 0x58, 0x00, 0x00, 0x09, 0x5e, 
    0x00, 0x00, 0x09, 0x64, 0x00, 0x00, 0x09, 0x6a, 0x00, 0x00, 0x09, 0x70, 
    0x00, 0x00, 0x09, 0x76, 0x00, 0x00, 0x09, 0x7c, 0x00, 0x00, 0x09, 0x82, 
    0x00, 0x00, 0x09, 0x88, 0x00, 0x00, 0x09, 0x9a, 0x00, 0x00, 0x09, 0x8e, 
    0x00, 0x00, 0x09, 0xc4, 0x00, 0x00, 0x09, 0x94, 0x00, 0x00, 0x09, 0x9a, 
    0x00, 0x00, 0x09, 0xa0, 0x00, 0x00, 0x09, 0xa6, 0x00, 0x00, 0x09, 0xac, 
    0x00, 0x00, 0x09, 0xa6, 0x00, 0x00, 0x09, 0xac, 0x00, 0x00, 0x09, 0xb2, 
    0x00, 0x00, 0x09, 0xb8, 0x09, 0xbe, 0x09, 0xc4, 0x00, 0x00, 0x09, 0xca, 
    0x00, 0x00, 0x0a, 0xe0, 0x09, 0xd6, 0x09, 0xd0, 0x00, 0x00, 0x0a, 0xe0, 
    0x09, 0xd6, 0x09, 0xdc, 0x00, 0x00, 0x0a, 0xe0, 0x09, 0xd6, 0x09, 0xdc, 
    0x00, 0x00, 0x00, 0x01, 0x01, 0x47, 0x02, 0x9c, 0x00, 0x01, 0x01, 0x3a, 
    0x00, 0x00, 0x00, 0x01, 0x01, 0x6c, 0x02, 0x9c, 0x00, 0x01, 0x01, 0x2f, 
    0x02, 0x9c, 0x00, 0x01, 0x01, 0x11, 0x03, 0x1c, 0x00, 0x01, 0x00, 0xfb, 
    0x00, 0x00, 0x00, 0x01, 0x01, 0xa5, 0x01, 0xf0, 0x00, 0x01, 0x01, 0xa5, 
    0x00, 0x00, 0x00, 0x01, 0x01, 0x14, 0x01, 0xf0, 0x00, 0x01, 0x00, 0xc7, 
    0x01, 0xf0, 0x00, 0x01, 0x01, 0x0b, 0x01, 0xf0, 0x00, 0x01, 0x00, 0xdc, 
    0x01, 0xf0, 0x00, 0x01, 0x00, 0xed, 0x01, 0xf0, 0x00, 0x01, 0x01, 0x39, 
    0x03, 0x63, 0x00, 0x01, 0x01, 0x39, 0x03, 0x55, 0x00, 0x01, 0x01, 0x39, 
    0x03, 0x4f, 0x00, 0x01, 0x01, 0x39, 0x03, 0x14, 0x00, 0x01, 0x01, 0x16, 
    0x03, 0x60, 0x00, 0x01, 0x01, 0x55, 0x03, 0x60, 0x00, 0x01, 0x01, 0x39, 
    0x03, 0x3d, 0x00, 0x01, 0x01, 0x07, 0x02, 0x9c, 0x00, 0x01, 0x00, 0xec, 
    0x02, 0xc3, 0x00, 0x01, 0x01, 0x07, 0x02, 0xb7, 0x00, 0x01, 0x01, 0x07, 
    0x02, 0xa9, 0x00, 0x01, 0x01, 0x07, 0x02, 0xb9, 0x00, 0x01, 0x01, 0x07, 
    0x03, 0x09, 0x00, 0x01, 0x01, 0x29, 0x02, 0xc3, 0x00, 0x01, 0x01, 0x61, 
    0x02, 0x9c, 0x00, 0x01, 0x01, 0x60, 0xff, 0x4b, 0x00, 0x01, 0x01, 0x13, 
    0x01, 0xf0, 0x00, 0x01, 0x01, 0x12, 0xff, 0x4b, 0x00, 0x01, 0x01, 0x0d, 
    0x03, 0x60, 0x00, 0x01, 0x01, 0x30, 0x03, 0x63, 0x00, 0x01, 0x01, 0x30, 
    0x03, 0x4f, 0x00, 0x01, 0x01, 0x3b, 0x02, 0xc3, 0x00, 0x01, 0x01, 0x19, 
    0x02, 0xb7, 0x00, 0x01, 0x01, 0x19, 0x02, 0xb9, 0x00, 0x01, 0x00, 0xac, 
    0x03, 0x60, 0x00, 0x01, 0x00, 0xeb, 0x03, 0x60, 0x00, 0x01, 0x00, 0xcf, 
    0x03, 0x63, 0x00, 0x01, 0x00, 0xcf, 0x03, 0x4f, 0x00, 0x01, 0x00, 0x6b, 
    0x02, 0xc3, 0x00, 0x01, 0x00, 0xa8, 0x02, 0xc3, 0x00, 0x01, 0x00, 0x86, 
    0x02, 0xb7, 0x00, 0x01, 0x00, 0x86, 0x02, 0xb9, 0x00, 0x01, 0x01, 0x6a, 
    0x03, 0x55, 0x00, 0x01, 0x01, 0x49, 0x03, 0x60, 0x00, 0x01, 0x01, 0x88, 
    0x03, 0x60, 0x00, 0x01, 0x01, 0x6c, 0x03, 0x63, 0x00, 0x01, 0x01, 0x6c, 
    0x03, 0x55, 0x00, 0x01, 0x01, 0x6c, 0x03, 0x4f, 0x00, 0x01, 0x01, 0x36, 
    0x03, 0x60, 0x00, 0x01, 0x01, 0x75, 0x03, 0x60, 0x00, 0x01, 0x01, 0x59, 
    0x03, 0x63, 0x00, 0x01, 0x01, 0x59, 0x03, 0x4f, 0x00, 0x01, 0x01, 0x20, 
    0x02, 0xa9, 0x00, 0x01, 0x00, 0xf9, 0x02, 0xc3, 0x00, 0x01, 0x01, 0x36, 
    0x02, 0xc3, 0x00, 0x01, 0x01, 0x14, 0x02, 0xb7, 0x00, 0x01, 0x01, 0x14, 
    0x02, 0xa9, 0x00, 0x01, 0x01, 0x14, 0x02, 0xb9, 0x00, 0x01, 0x00, 0xf0, 
    0x02, 0xc3, 0x00, 0x01, 0x01, 0x2d, 0x02, 0xc3, 0x00, 0x01, 0x01, 0x0b, 
    0x02, 0xb7, 0x00, 0x01, 0x01, 0x0b, 0x02, 0xb9, 0x00, 0x01, 0x00, 0xfe, 
    0x02, 0xc3, 0x00, 0x01, 0x00, 0xdc, 0x02, 0xb9, 0x00, 0x01, 0x00, 0xd7, 
    0x00, 0x00, 0x00, 0x01, 0x01, 0x2a, 0x03, 0x5d, 0x00, 0x01, 0x00, 0xf0, 
    0x02, 0xb1, 0x00, 0x01, 0x01, 0x2a, 0x03, 0x4f, 0x00, 0x01, 0x00, 0xed, 
    0x02, 0xb1, 0x00, 0x01, 0x01, 0x39, 0x03, 0x5d, 0x00, 0x01, 0x01, 0x07, 
    0x02, 0xb1, 0x00, 0x01, 0x01, 0x39, 0x02, 0x9c, 0x00, 0x01, 0x01, 0x39, 
    0x00, 0x00, 0x00, 0x01, 0x02, 0x67, 0x00, 0x00, 0x00, 0x01, 0x01, 0x07, 
    0x01, 0xf0, 0x00, 0x01, 0x01, 0x07, 0x00, 0x00, 0x00, 0x01, 0x01, 0xdb, 
    0x00, 0x00, 0x00, 0x01, 0x01, 0x30, 0x03, 0x3d, 0x00, 0x01, 0x01, 0x19, 
    0x02, 0x9c, 0x00, 0x01, 0x01, 0x19, 0x02, 0xba, 0x00, 0x01, 0x01, 0x30, 
    0x02, 0x9c, 0x00, 0x01, 0x01, 0x19, 0x01, 0xf0, 0x00, 0x01, 0x01, 0x30, 
    0x03, 0x5d, 0x00, 0x01, 0x01, 0x1c, 0x00, 0x00, 0x00, 0x01, 0x01, 0xfa, 
    0x00, 0x00, 0x00, 0x01, 0x01, 0x19, 0x02, 0xb1, 0x00, 0x01, 0x01, 0x6d, 
    0x00, 0x00, 0x00, 0x01, 0x01, 0x94, 0x03, 0x70, 0x00, 0x01, 0x02, 0xc3, 
    0x02, 0x9c, 0x00, 0x01, 0x01, 0x6c, 0x00, 0x00, 0x00, 0x01, 0x02, 0x8e, 
    0x00, 0x0a, 0x00, 0x01, 0x01, 0x3c, 0x02, 0xc4, 0x00, 0x01, 0x02, 0x14, 
    0x01, 0xf0, 0x00, 0x01, 0x01, 0x14, 0x00, 0x00, 0x00, 0x01, 0x01, 0xf1, 
    0x00, 0x0a, 0x00, 0x01, 0x00, 0xcf, 0x03, 0x3d, 0x00, 0x01, 0x00, 0x86, 
    0x02, 0x9c, 0x00, 0x01, 0x00, 0xcf, 0x02, 0x9c, 0x00, 0x01, 0x00, 0xcf, 
    0x00, 0x00, 0x00, 0x01, 0x01, 0x11, 0x00, 0x00, 0x00, 0x01, 0x01, 0x7d, 
    0x03, 0x60, 0x00, 0x01, 0x01, 0x35, 0x02, 0xc3, 0x00, 0x01, 0x01, 0x61, 
    0x03, 0x66, 0x00, 0x01, 0x01, 0x13, 0x02, 0xba, 0x00, 0x01, 0x01, 0x46, 
    0x03, 0x60, 0x00, 0x01, 0x01, 0x2a, 0x00, 0x00, 0x00, 0x01, 0x01, 0x12, 
    0x02, 0xc3, 0x00, 0x01, 0x01, 0x59, 0x03, 0x3d, 0x00, 0x01, 0x01, 0x0b, 
    0x02, 0x9c, 0x00, 0x01, 0x01, 0x59, 0x03, 0x46, 0x00, 0x01, 0x01, 0x0b, 
    0x03, 0x09, 0x00, 0x01, 0x01, 0x81, 0x03, 0x70, 0x00, 0x01, 0x01, 0x33, 
    0x02, 0xc4, 0x00, 0x01, 0x02, 0x04, 0x01, 0xf0, 0x00, 0x01, 0x01, 0x0c, 
    0x00, 0x00, 0x00, 0x01, 0x01, 0xd5, 0x00, 0x00, 0x00, 0x01, 0x01, 0x59, 
    0x02, 0x9c, 0x00, 0x01, 0x02, 0x9e, 0x02, 0x9c, 0x00, 0x01, 0x01, 0x59, 
    0x00, 0x00, 0x00, 0x01, 0x01, 0xab, 0x00, 0x00, 0x00, 0x01, 0x01, 0x86, 
    0x03, 0x60, 0x00, 0x01, 0x01, 0x42, 0x02, 0xc3, 0x00, 0x01, 0x01, 0x6a, 
    0x03, 0x5d, 0x00, 0x01, 0x01, 0x37, 0x00, 0x00, 0x00, 0x01, 0x01, 0x20, 
    0x02, 0xb1, 0x00, 0x01, 0x01, 0x01, 0x00, 0x00, 0x00, 0x01, 0x01, 0x4c, 
    0x03, 0x60, 0x00, 0x01, 0x01, 0x0f, 0x02, 0xc3, 0x00, 0x01, 0x01, 0x30, 
    0x03, 0x66, 0x00, 0x01, 0x01, 0x30, 0x00, 0x00, 0x00, 0x01, 0x00, 0xed, 
    0x02, 0xba, 0x00, 0x01, 0x00, 0xe6, 0x00, 0x00, 0x00, 0x01, 0x01, 0x63, 
    0x02, 0x9c, 0x00, 0x01, 0x01, 0x67, 0x03, 0x5d, 0x00, 0x01, 0x01, 0x0c, 
    0x02, 0xb1, 0x00, 0x01, 0x01, 0x67, 0x03, 0x66, 0x00, 0x01, 0x01, 0x63, 
    0x00, 0x00, 0x00, 0x01, 0x01, 0x0c, 0x02, 0xba, 0x00, 0x01, 0x01, 0x18, 
    0xff, 0x05, 0x00, 0x01, 0x01, 0x0c, 0x01, 0xf0, 0x00, 0x01, 0x01, 0x45, 
    0x03, 0x05, 0x00, 0x01, 0x01, 0x27, 0xff, 0x06, 0x00, 0x01, 0x00, 0x87, 
    0xff, 0x06, 0x00, 0x01, 0x01, 0x17, 0x03, 0x5d, 0x00, 0x01, 0x01, 0x17, 
    0x00, 0x00, 0x00, 0x01, 0x00, 0x75, 0x02, 0xa8, 0x00, 0x01, 0x00, 0xb1, 
    0x02, 0x9a, 0x00, 0x01, 0x00, 0x91, 0x00, 0x00, 0x00, 0x01, 0x01, 0x0e, 
    0x02, 0x9c, 0x00, 0x01, 0x01, 0x21, 0x02, 0x9c, 0x00, 0x01, 0x01, 0x31, 
    0x00, 0x00, 0x00, 0x01, 0x00, 0xb7, 0x00, 0x00, 0x00, 0x01, 0x01, 0x6a, 
    0x02, 0x9c, 0x00, 0x01, 0x01, 0x2d, 0xff, 0x06, 0x00, 0x01, 0x01, 0x20, 
    0x01, 0xf0, 0x00, 0x01, 0x00, 0xf7, 0xff, 0x06, 0x00, 0x01, 0x01, 0x4b, 
    0x03, 0x60, 0x00, 0x01, 0x00, 0xe9, 0x02, 0xc3, 0x00, 0x01, 0x01, 0x2f, 
    0x03, 0x5d, 0x00, 0x01, 0x01, 0x35, 0x00, 0x00, 0x00, 0x01, 0x00, 0xc7, 
    0x02, 0xb1, 0x00, 0x01, 0x00, 0x71, 0x00, 0x00, 0x00, 0x01, 0x01, 0x6e, 
    0x02, 0x9c, 0x00, 0x01, 0x01, 0x78, 0x00, 0x00, 0x00, 0x01, 0x01, 0x47, 
    0x03, 0x5d, 0x00, 0x01, 0x01, 0x51, 0x00, 0x00, 0x00, 0x01, 0x01, 0x1a, 
    0x03, 0x1c, 0x00, 0x01, 0x02, 0x09, 0x02, 0x9a, 0x00, 0x01, 0x01, 0x1a, 
    0x00, 0x00, 0x00, 0x01, 0x01, 0x3a, 0x02, 0x9c, 0x00, 0x01, 0x01, 0x30, 
    0xff, 0x06, 0x00, 0x01, 0x00, 0xf5, 0x03, 0x1c, 0x00, 0x01, 0x00, 0xf1, 
    0xff, 0x06, 0x00, 0x01, 0x01, 0x67, 0x02, 0x9c, 0x00, 0x01, 0x01, 0x59, 
    0xff, 0x06, 0x00, 0x01, 0x01, 0x61, 0x03, 0x5d, 0x00, 0x01, 0x01, 0x5c, 
    0x00, 0x00, 0x00, 0x01, 0x01, 0x13, 0x02, 0xb1, 0x00, 0x01, 0x01, 0x0e, 
    0x00, 0x00, 0x00, 0x01, 0x01, 0x2e, 0xff, 0x4b, 0x00, 0x01, 0x00, 0xea, 
    0xff, 0x4b, 0x00, 0x01, 0x01, 0x2a, 0x02, 0x9c, 0x00, 0x01, 0x01, 0x20, 
    0xff, 0x06, 0x00, 0x01, 0x01, 0x17, 0x02, 0x9c, 0x00, 0x01, 0x01, 0x0d, 
    0xff, 0x06, 0x00, 0x01, 0x00, 0x86, 0x01, 0xf0, 0x00, 0x01, 0x00, 0x8b, 
    0x00, 0x00, 0x00, 0x01, 0x00, 0xfa, 0x00, 0x0a, 0x00, 0x01, 0x00, 0xf0, 
    0x01, 0xf0, 0x00, 0x01, 0x00, 0xdc, 0xff, 0x06, 0x00, 0x01, 0x00, 0xbb, 
    0xff, 0x4b, 0x00, 0x01, 0x00, 0xdc, 0x02, 0xd1, 0x00, 0x01, 0x00, 0xad, 
    0xff, 0x06, 0x00, 0x06, 0x00, 0x10, 0x00, 0x01, 0x00, 0x0a, 0x00, 0x00, 
    0x00, 0x01, 0x00, 0x0c, 0x00, 0x0c, 0x00, 0x01, 0x00, 0x14, 0x00, 0x2a, 
    0x00, 0x01, 0x00, 0x02, 0x01, 0x54, 0x01, 0x57, 0x00, 0x02, 0x00, 0x00, 
    0x00, 0x0a, 0x00, 0x00, 0x00, 0x10, 0x00, 0x01, 0x00, 0x59, 0x00, 0x00, 
    0x00, 0x01, 0x00, 0x5a, 0x00, 0x00, 0x00, 0x02, 0x00, 0x06, 0x00, 0x0c, 
    0x00, 0x01, 0x00, 0x5d, 0xff, 0x4b, 0x00, 0x01, 0x00, 0x50, 0xff, 0x06, 
    0x00, 0x06, 0x00, 0x10, 0x00, 0x01, 0x00, 0x0a, 0x00, 0x01, 0x00, 0x01, 
    0x00, 0x0c, 0x00, 0x0c, 0x00, 0x01, 0x00, 0x3c, 0x01, 0x08, 0x00, 0x01, 
    0x00, 0x16, 0x01, 0x4c, 0x01, 0x4d, 0x01, 0x4e, 0x01, 0x4f, 0x01, 0x51, 
    0x01, 0x53, 0x01, 0x55, 0x01, 0x56, 0x01, 0x58, 0x01, 0x59, 0x01, 0x5a, 
    0x01, 0x5b, 0x01, 0x5e, 0x01, 0x5f, 0x01, 0x60, 0x01, 0x61, 0x01, 0x63, 
    0x01, 0x64, 0x01, 0x68, 0x01, 0x69, 0x01, 0x6f, 0x01, 0x70, 0x00, 0x16, 
    0x00, 0x00, 0x00, 0x5a, 0x00, 0x00, 0x00, 0x60, 0x00, 0x00, 0x00, 0x66, 
    0x00, 0x00, 0x00, 0x6c, 0x00, 0x00, 0x00, 0x72, 0x00, 0x00, 0x00, 0x78, 
    0x00, 0x00, 0x00, 0x72, 0x00, 0x00, 0x00, 0x78, 0x00, 0x00, 0x00, 0x7e, 
    0x00, 0x00, 0x00, 0x84, 0x00, 0x00, 0x00, 0x8a, 0x00, 0x00, 0x00, 0x90, 
    0x00, 0x00, 0x00, 0x96, 0x00, 0x00, 0x00, 0x9c, 0x00, 0x00, 0x00, 0xa2, 
    0x00, 0x00, 0x00, 0xa8, 0x00, 0x00, 0x00, 0xae, 0x00, 0x00, 0x01, 0x54, 
    0x00, 0x00, 0x00, 0xb4, 0x00, 0x00, 0x00, 0xba, 0x00, 0x00, 0x00, 0xc0, 
    0x00, 0x00, 0x00, 0xc6, 0x00, 0x01, 0x00, 0x2f, 0x01, 0xf0, 0x00, 0x01, 
    0x00, 0x3a, 0x02, 0x9c, 0x00, 0x01, 0x00, 0x93, 0x01, 0xf0, 0x00, 0x01, 
    0x00, 0x93, 0x02, 0x9c, 0x00, 0x01, 0x00, 0xa2, 0x01, 0xf0, 0x00, 0x01, 
    0x00, 0xa2, 0x02, 0x9c, 0x00, 0x01, 0x00, 0xa0, 0x01, 0xf0, 0x00, 0x01, 
    0x00, 0xa0, 0x02, 0x9c, 0x00, 0x01, 0x00, 0x36, 0x01, 0xf0, 0x00, 0x01, 
    0x00, 0x36, 0x02, 0x9c, 0x00, 0x01, 0x00, 0x6c, 0x01, 0xf0, 0x00, 0x01, 
    0x00, 0x7a, 0x02, 0x9c, 0x00, 0x01, 0x00, 0x72, 0x01, 0xf0, 0x00, 0x01, 
    0x00, 0x72, 0x02, 0x9c, 0x00, 0x01, 0x00, 0x8a, 0x01, 0xf0, 0x00, 0x01, 
    0x00, 0x6d, 0x01, 0xf0, 0x00, 0x01, 0x00, 0x6d, 0x02, 0x9c, 0x00, 0x01, 
    0x00, 0xa5, 0x01, 0xf0, 0x00, 0x01, 0x00, 0xa5, 0x02, 0x9c, 0x00, 0x16, 
    0x00, 0x70, 0x00, 0x2e, 0x00, 0x34, 0x00, 0x3a, 0x00, 0x40, 0x00, 0x46, 
    0x00, 0x4c, 0x00, 0x52, 0x00, 0x58, 0x00, 0x5e, 0x00, 0x64, 0x00, 0x6a, 
    0x00, 0x70, 0x00, 0x76, 0x00, 0x7c, 0x00, 0x82, 0x00, 0x88, 0x00, 0x8e, 
    0x00, 0x94, 0x00, 0x9a, 0x00, 0xa0, 0x00, 0xa6, 0x00, 0x01, 0x00, 0x56, 
    0x03, 0x60, 0x00, 0x01, 0x00, 0x93, 0x02, 0xb1, 0x00, 0x01, 0x00, 0x93, 
    0x03, 0x5d, 0x00, 0x01, 0x00, 0xa2, 0x02, 0xb1, 0x00, 0x01, 0x00, 0xa2, 
    0x03, 0x5d, 0x00, 0x01, 0x00, 0xa2, 0x02, 0xb7, 0x00, 0x01, 0x00, 0xa2, 
    0x03, 0x63, 0x00, 0x01, 0x00, 0xa0, 0x02, 0xb9, 0x00, 0x01, 0x00, 0xa0, 
    0x03, 0x4f, 0x00, 0x01, 0x00, 0x36, 0x02, 0xba, 0x00, 0x01, 0x00, 0x36, 
    0x03, 0x66, 0x00, 0x01, 0x00, 0x51, 0x02, 0xc3, 0x00, 0x01, 0x00, 0x57, 
    0x03, 0x60, 0x00, 0x01, 0x00, 0x9a, 0x02, 0xc4, 0x00, 0x01, 0x00, 0x9a, 
    0x03, 0x70, 0x00, 0x01, 0x00, 0x8a, 0x02, 0x9c, 0x00, 0x01, 0x00, 0x8a, 
    0x03, 0x3d, 0x00, 0x01, 0x00, 0x6d, 0x03, 0x09, 0x00, 0x01, 0x00, 0x6d, 
    0x03, 0x46, 0x00, 0x01, 0x00, 0xa5, 0x02, 0xa9, 0x00, 0x01, 0x00, 0xa5, 
    0x03, 0x55, 0x00, 0x00, 0x00, 0x01, 0x00, 0x00, 0x00, 0x0a, 0x00, 0x4a, 
    0x00, 0xbc, 0x00, 0x03, 0x44, 0x46, 0x4c, 0x54, 0x00, 0x14, 0x67, 0x72, 
    0x65, 0x6b, 0x00, 0x14, 0x6c, 0x61, 0x74, 0x6e, 0x00, 0x18, 0x00, 0x0e, 
    0x00, 0x00, 0x00, 0x0a, 0x00, 0x01, 0x4d, 0x4f, 0x4c, 0x20, 0x00, 0x20, 
    0x00, 0x00, 0xff, 0xff, 0x00, 0x08, 0x00, 0x00, 0x00, 0x01, 0x00, 0x02, 
    0x00, 0x03, 0x00, 0x05, 0x00, 0x06, 0x00, 0x07, 0x00, 0x08, 0x00, 0x00, 
    0xff, 0xff, 0x00, 0x01, 0x00, 0x04, 0x00, 0x09, 0x61, 0x61, 0x6c, 0x74, 
    0x00, 0x38, 0x63, 0x61, 0x73, 0x65, 0x00, 0x40, 0x63, 0x63, 0x6d, 0x70, 
    0x00, 0x46, 0x66, 0x72, 0x61, 0x63, 0x00, 0x4e, 0x6c, 0x6f, 0x63, 0x6c, 
    0x00, 0x54, 0x6f, 0x72, 0x64, 0x6e, 0x00, 0x5a, 0x70, 0x6e, 0x75, 0x6d, 
    0x00, 0x60, 0x73, 0x75, 0x70, 0x73, 0x00, 0x66, 0x74, 0x6e, 0x75, 0x6d, 
    0x00, 0x6c, 0x00, 0x00, 0x00, 0x02, 0x00, 0x00, 0x00, 0x01, 0x00, 0x00, 
    0x00, 0x01, 0x00, 0x0f, 0x00, 0x00, 0x00, 0x02, 0x00, 0x02, 0x00, 0x05, 
    0x00, 0x00, 0x00, 0x01, 0x00, 0x0a, 0x00, 0x00, 0x00, 0x01, 0x00, 0x08, 
    0x00, 0x00, 0x00, 0x01, 0x00, 0x0b, 0x00, 0x00, 0x00, 0x01, 0x00, 0x0d, 
    0x00, 0x00, 0x00, 0x01, 0x00, 0x09, 0x00, 0x00, 0x00, 0x01, 0x00, 0x0e, 
    0x00, 0x10, 0x00, 0x22, 0x00, 0xc4, 0x00, 0xf2, 0x02, 0x42, 0x02, 0x42, 
    0x02, 0x88, 0x03, 0xe0, 0x03, 0xe0, 0x02, 0xd2, 0x02, 0xf4, 0x03, 0x14, 
    0x03, 0x50, 0x03, 0x8e, 0x03, 0xb0, 0x03, 0xc8, 0x03, 0xe0, 0x00, 0x01, 
    0x00, 0x00, 0x00, 0x01, 0x00, 0x08, 0x00, 0x02, 0x00, 0x4e, 0x00, 0x24, 
    0x00, 0xf9, 0x00, 0xfe, 0x00, 0xff, 0x01, 0x00, 0x01, 0x01, 0x01, 0x02, 
    0x00, 0x57, 0x00, 0x66, 0x00, 0x57, 0x00, 0x66, 0x00, 0x05, 0x00, 0x06, 
    0x00, 0x07, 0x00, 0x08, 0x00, 0x09, 0x00, 0x0a, 0x00, 0x0b, 0x00, 0x0c, 
    0x00, 0x0d, 0x00, 0x0e, 0x01, 0x49, 0x01, 0x6a, 0x01, 0x4b, 0x01, 0x4d, 
    0x01, 0x4f, 0x01, 0x53, 0x01, 0x56, 0x01, 0x59, 0x01, 0x5b, 0x01, 0x5f, 
    0x01, 0x61, 0x01, 0x64, 0x01, 0x67, 0x01, 0x69, 0x01, 0x6e, 0x01, 0x70, 
    0x00, 0x01, 0x00, 0x24, 0x00, 0x05, 0x00, 0x0a, 0x00, 0x0b, 0x00, 0x0c, 
    0x00, 0x0d, 0x00, 0x0e, 0x00, 0x0f, 0x00, 0x1d, 0x00, 0x29, 0x00, 0x37, 
    0x00, 0xf9, 0x00, 0xfa, 0x00, 0xfb, 0x00, 0xfc, 0x00, 0xfd, 0x00, 0xfe, 
    0x00, 0xff, 0x01, 0x00, 0x01, 0x01, 0x01, 0x02, 0x01, 0x47, 0x01, 0x48, 
    0x01, 0x4a, 0x01, 0x4c, 0x01, 0x4e, 0x01, 0x51, 0x01, 0x55, 0x01, 0x58, 
    0x01, 0x5a, 0x01, 0x5e, 0x01, 0x60, 0x01, 0x63, 0x01, 0x66, 0x01, 0x68, 
    0x01, 0x6d, 0x01, 0x6f, 0x00, 0x03, 0x00, 0x00, 0x00, 0x01, 0x00, 0x08, 
    0x00, 0x01, 0x02, 0x3e, 0x00, 0x04, 0x00, 0x0e, 0x00, 0x14, 0x00, 0x1a, 
    0x00, 0x20, 0x00, 0x02, 0x00, 0x65, 0x00, 0xfa, 0x00, 0x02, 0x00, 0x5e, 
    0x00, 0xfb, 0x00, 0x02, 0x00, 0x5f, 0x00, 0xfc, 0x00, 0x02, 0x00, 0xfd, 
    0x01, 0x5d, 0x00, 0x06, 0x00, 0x00, 0x00, 0x04, 0x00, 0x0e, 0x00, 0x20, 
    0x00, 0x5c, 0x00, 0x6e, 0x00, 0x03, 0x00, 0x00, 0x00, 0x01, 0x00, 0x26, 
    0x00, 0x01, 0x00, 0x34, 0x00, 0x01, 0x00, 0x00, 0x00, 0x03, 0x00, 0x03, 
    0x00, 0x00, 0x00, 0x01, 0x00, 0x14, 0x00, 0x02, 0x00, 0x1a, 0x00, 0x22, 
    0x00, 0x01, 0x00, 0x00, 0x00, 0x04, 0x00, 0x01, 0x00, 0x01, 0x00, 0x31, 
    0x00, 0x01, 0x00, 0x02, 0x01, 0x54, 0x01, 0x66, 0x00, 0x01, 0x00, 0x0b, 
    0x01, 0x4c, 0x01, 0x4e, 0x01, 0x51, 0x01, 0x55, 0x01, 0x58, 0x01, 0x5a, 
    0x01, 0x5e, 0x01, 0x60, 0x01, 0x63, 0x01, 0x68, 0x01, 0x6f, 0x00, 0x03, 
    0x00, 0x01, 0x02, 0xb8, 0x00, 0x01, 0x02, 0xb8, 0x00, 0x00, 0x00, 0x01, 
    0x00, 0x00, 0x00, 0x03, 0x00, 0x03, 0x00, 0x01, 0x00, 0x12, 0x00, 0x01, 
    0x02, 0xa6, 0x00, 0x00, 0x00, 0x01, 0x00, 0x00, 0x00, 0x04, 0x00, 0x01, 
    0x00, 0x66, 0x00, 0x0f, 0x00, 0x10, 0x00, 0x11, 0x00, 0x12, 0x00, 0x13, 
    0x00, 0x14, 0x00, 0x15, 0x00, 0x16, 0x00, 0x17, 0x00, 0x18, 0x00, 0x19, 
    0x00, 0x1a, 0x00, 0x1b, 0x00, 0x1c, 0x00, 0x1d, 0x00, 0x1e, 0x00, 0x1f, 
    0x00, 0x20, 0x00, 0x21, 0x00, 0x22, 0x00, 0x23, 0x00, 0x24, 0x00, 0x25, 
    0x00, 0x26, 0x00, 0x27, 0x00, 0x28, 0x00, 0x96, 0x00, 0xa4, 0x00, 0xa7, 
    0x00, 0xb0, 0x00, 0xb3, 0x00, 0xb4, 0x00, 0xba, 0x00, 0xbc, 0x00, 0xbd, 
    0x00, 0xbe, 0x00, 0xbf, 0x00, 0xc0, 0x00, 0xc1, 0x00, 0xc2, 0x00, 0xca, 
    0x00, 0xcc, 0x00, 0xcd, 0x00, 0xce, 0x00, 0xcf, 0x00, 0xd4, 0x00, 0xd5, 
    0x00, 0xd6, 0x00, 0xd7, 0x00, 0xdc, 0x00, 0xdd, 0x00, 0xde, 0x00, 0xdf, 
    0x00, 0xe0, 0x00, 0xe1, 0x00, 0xe2, 0x00, 0xe3, 0x00, 0xe4, 0x00, 0xe5, 
    0x00, 0xe6, 0x00, 0xf3, 0x00, 0xf5, 0x00, 0xf6, 0x00, 0xf8, 0x01, 0x03, 
    0x01, 0x05, 0x01, 0x07, 0x01, 0x09, 0x01, 0x0b, 0x01, 0x0d, 0x01, 0x0f, 
    0x01, 0x11, 0x01, 0x13, 0x01, 0x15, 0x01, 0x17, 0x01, 0x19, 0x01, 0x1b, 
    0x01, 0x1d, 0x01, 0x1f, 0x01, 0x21, 0x01, 0x23, 0x01, 0x25, 0x01, 0x27, 
    0x01, 0x29, 0x01, 0x2b, 0x01, 0x2d, 0x01, 0x2f, 0x01, 0x32, 0x01, 0x34, 
    0x01, 0x36, 0x01, 0x38, 0x01, 0x3a, 0x01, 0x3c, 0x01, 0x3e, 0x01, 0x40, 
    0x01, 0x42, 0x01, 0x44, 0x01, 0x45, 0x01, 0x47, 0x01, 0x49, 0x01, 0x4a, 
    0x01, 0x4b, 0x00, 0x01, 0x00, 0x00, 0x00, 0x01, 0x00, 0x08, 0x00, 0x02, 
    0x00, 0x20, 0x00, 0x0d, 0x01, 0x62, 0x01, 0x4d, 0x01, 0x4f, 0x01, 0x53, 
    0x01, 0x56, 0x01, 0x59, 0x01, 0x5b, 0x01, 0x5f, 0x01, 0x61, 0x01, 0x64, 
    0x01, 0x67, 0x01, 0x69, 0x01, 0x70, 0x00, 0x01, 0x00, 0x0d, 0x00, 0x31, 
    0x01, 0x4c, 0x01, 0x4e, 0x01, 0x51, 0x01, 0x55, 0x01, 0x58, 0x01, 0x5a, 
    0x01, 0x5e, 0x01, 0x60, 0x01, 0x63, 0x01, 0x66, 0x01, 0x68, 0x01, 0x6f, 
    0x00, 0x06, 0x00, 0x00, 0x00, 0x02, 0x00, 0x0a, 0x00, 0x1c, 0x00, 0x03, 
    0x00, 0x00, 0x00, 0x01, 0x01, 0x74, 0x00, 0x01, 0x00, 0x24, 0x00, 0x01, 
    0x00, 0x00, 0x00, 0x06, 0x00, 0x03, 0x00, 0x01, 0x00, 0x12, 0x00, 0x01, 
    0x01, 0x62, 0x00, 0x00, 0x00, 0x01, 0x00, 0x00, 0x00, 0x07, 0x00, 0x01, 
    0x00, 0x0c, 0x01, 0x4d, 0x01, 0x4f, 0x01, 0x53, 0x01, 0x56, 0x01, 0x59, 
    0x01, 0x5b, 0x01, 0x5f, 0x01, 0x61, 0x01, 0x64, 0x01, 0x67, 0x01, 0x69, 
    0x01, 0x70, 0x00, 0x01, 0x00, 0x00, 0x00, 0x01, 0x00, 0x08, 0x00, 0x02, 
    0x00, 0x0e, 0x00, 0x04, 0x01, 0x49, 0x01, 0x6a, 0x01, 0x4b, 0x01, 0x6e, 
    0x00, 0x01, 0x00, 0x04, 0x01, 0x47, 0x01, 0x48, 0x01, 0x4a, 0x01, 0x6d, 
    0x00, 0x01, 0x00, 0x00, 0x00, 0x01, 0x00, 0x08, 0x00, 0x02, 0x00, 0x0e, 
    0x00, 0x04, 0x00, 0x65, 0x00, 0x5e, 0x00, 0x5f, 0x01, 0x5d, 0x00, 0x02, 
    0x00, 0x01, 0x00, 0x06, 0x00, 0x09, 0x00, 0x00, 0x00, 0x04, 0x00, 0x00, 
    0x00, 0x01, 0x00, 0x08, 0x00, 0x01, 0x00, 0x2c, 0x00, 0x02, 0x00, 0x0a, 
    0x00, 0x20, 0x00, 0x02, 0x00, 0x06, 0x00, 0x0e, 0x00, 0x68, 0x00, 0x03, 
    0x00, 0x86, 0x00, 0x09, 0x00, 0x69, 0x00, 0x03, 0x00, 0x86, 0x00, 0x07, 
    0x00, 0x01, 0x00, 0x04, 0x00, 0x6a, 0x00, 0x03, 0x00, 0x86, 0x00, 0x09, 
    0x00, 0x01, 0x00, 0x02, 0x00, 0x06, 0x00, 0x08, 0x00, 0x06, 0x00, 0x00, 
    0x00, 0x02, 0x00, 0x0a, 0x00, 0x24, 0x00, 0x03, 0x00, 0x01, 0x00, 0x7c, 
    0x00, 0x01, 0x00, 0x12, 0x00, 0x00, 0x00, 0x01, 0x00, 0x00, 0x00, 0x0c, 
    0x00, 0x01, 0x00, 0x02, 0x00, 0x0f, 0x00, 0x29, 0x00, 0x03, 0x00, 0x01, 
    0x00, 0x62, 0x00, 0x01, 0x00, 0x12, 0x00, 0x00, 0x00, 0x01, 0x00, 0x00, 
    0x00, 0x0c, 0x00, 0x01, 0x00, 0x02, 0x00, 0x1d, 0x00, 0x37, 0x00, 0x01, 
    0x00, 0x00, 0x00, 0x01, 0x00, 0x08, 0x00, 0x02, 0x00, 0x0e, 0x00, 0x04, 
    0x00, 0x57, 0x00, 0x66, 0x00, 0x57, 0x00, 0x66, 0x00, 0x01, 0x00, 0x04, 
    0x00, 0x0f, 0x00, 0x1d, 0x00, 0x29, 0x00, 0x37, 0x00, 0x01, 0x00, 0x00, 
    0x00, 0x01, 0x00, 0x08, 0x00, 0x01, 0x00, 0x06, 0xff, 0x0c, 0x00, 0x02, 
    0x00, 0x01, 0x00, 0xf9, 0x01, 0x02, 0x00, 0x00, 0x00, 0x01, 0x00, 0x00, 
    0x00, 0x01, 0x00, 0x08, 0x00, 0x01, 0x00, 0x06, 0x00, 0xf4, 0x00, 0x02, 
    0x00, 0x01, 0x00, 0x05, 0x00, 0x0e, 0x00, 0x00, 0x00, 0x01, 0x00, 0x00, 
    0x00, 0x01, 0x00, 0x08, 0x00, 0x02, 0x00, 0x1e, 0x00, 0x0c, 0x01, 0x4d, 
    0x01, 0x4f, 0x01, 0x53, 0x01, 0x56, 0x01, 0x59, 0x01, 0x5b, 0x01, 0x5f, 
    0x01, 0x61, 0x01, 0x64, 0x01, 0x67, 0x01, 0x69, 0x01, 0x70, 0x00, 0x01, 
    0x00, 0x0c, 0x01, 0x4c, 0x01, 0x4e, 0x01, 0x51, 0x01, 0x55, 0x01, 0x58, 
    0x01, 0x5a, 0x01, 0x5e, 0x01, 0x60, 0x01, 0x63, 0x01, 0x66, 0x01, 0x68, 
    0x01, 0x6f, 0x00, 0x00, 0x00, 0x01, 0x00, 0x01, 0xff, 0xff, 0x00, 0x0f, 
    0x02, 0x0f, 0x00, 0x32, 0x02, 0x58, 0x00, 0x00, 0x00, 0x00, 0x00, 0x00, 
    0x01, 0x18, 0x00, 0x00, 0x01, 0x18, 0x00, 0x00, 0x02, 0x88, 0x00, 0x3c, 
    0x01, 0x92, 0x00, 0x2a, 0x02, 0x25, 0x00, 0x22, 0x02, 0x3e, 0x00, 0x2a, 
    0x02, 0x66, 0x00, 0x26, 0x02, 0x47, 0x00, 0x36, 0x02, 0x56, 0x00, 0x3c, 
    0x01, 0xfe, 0x00, 0x0f, 0x02, 0x67, 0x00, 0x3c, 0x02, 0x56, 0x00, 0x3c, 
    0x02, 0x72, 0x00, 0x0a, 0x02, 0x6b, 0x00, 0x4c, 0x02, 0x90, 0x00, 0x32, 
    0x02, 0xa1, 0x00, 0x4c, 0x02, 0x37, 0x00, 0x4c, 0x02, 0x24, 0x00, 0x4c, 
    0x02, 0xc6, 0x00, 0x32, 0x02, 0xb2, 0x00, 0x4c, 0x01, 0x9e, 0x00, 0x42, 
    0x01, 0xfe, 0x00, 0x0f, 0x02, 0x73, 0x00, 0x4c, 0x02, 0x1b, 0x00, 0x4c, 
    0x03, 0x34, 0x00, 0x4c, 0x02, 0xb1, 0x00, 0x4c, 0x02, 0xd7, 0x00, 0x32, 
    0x02, 0x59, 0x00, 0x4c, 0x02, 0xf1, 0x00, 0x32, 0x02, 0x6a, 0x00, 0x4c, 
    0x02, 0x54, 0x00, 0x28, 0x02, 0x2e, 0x00, 0x0a, 0x02, 0xb2, 0x00, 0x4c, 
    0x02, 0x4d, 0x00, 0x0a, 0x03, 0x48, 0x00, 0x0a, 0x02, 0x6f, 0x00, 0x0a, 
    0x02, 0x53, 0x00, 0x0a, 0x02, 0x5f, 0x00, 0x2c, 0x02, 0x0e, 0x00, 0x26, 
    0x02, 0x36, 0x00, 0x46, 0x01, 0xf4, 0x00, 0x26, 0x02, 0x34, 0x00, 0x26, 
    0x02, 0x1b, 0x00, 0x26, 0x01, 0x37, 0x00, 0x0f, 0x02, 0x30, 0x00, 0x26, 
    0x02, 0x22, 0x00, 0x46, 0x01, 0x16, 0x00, 0x2d, 0x00, 0xfe, 0xff, 0xc6, 
    0x01, 0xea, 0x00, 0x46, 0x00, 0xef, 0x00, 0x46, 0x03, 0x49, 0x00, 0x46, 
    0x02, 0x22, 0x00, 0x46, 0x02, 0x28, 0x00, 0x26, 0x02, 0x36, 0x00, 0x46, 
    0x02, 0x40, 0x00, 0x26, 0x01, 0x54, 0x00, 0x46, 0x01, 0xd7, 0x00, 0x1f, 
    0x01, 0x44, 0x00, 0x14, 0x02, 0x18, 0x00, 0x44, 0x01, 0xb9, 0x00, 0x00, 
    0x02, 0x8e, 0x00, 0x00, 0x01, 0xcd, 0x00, 0x00, 0x01, 0xad, 0x00, 0x00, 
    0x01, 0xcc, 0x00, 0x28, 0x01, 0xad, 0x00, 0x35, 0x01, 0xad, 0x00, 0x35, 
    0x01, 0x8f, 0x00, 0x35, 0x00, 0xd6, 0x00, 0x35, 0x00, 0xfd, 0x00, 0x0f, 
    0x01, 0x07, 0x00, 0x35, 0x00, 0xeb, 0x00, 0x35, 0x00, 0xeb, 0x00, 0x35, 
    0x00, 0xeb, 0x00, 0x35, 0x01, 0x8e, 0x00, 0x35, 0x01, 0x8e, 0x00, 0x35, 
    0x01, 0x8e, 0x00, 0x35, 0x02, 0x1d, 0x00, 0x28, 0x02, 0x1d, 0x00, 0x28, 
    0x01, 0xb6, 0x00, 0x35, 0x02, 0xb8, 0x00, 0x35, 0x05, 0x30, 0x00, 0x26, 
    0x01, 0x61, 0x00, 0x35, 0x01, 0x61, 0x00, 0x35, 0x02, 0x4a, 0x00, 0x0f, 
    0x01, 0x73, 0x00, 0x35, 0x02, 0x32, 0x00, 0x35, 0x02, 0x5a, 0x00, 0x35, 
    0x03, 0x1e, 0x00, 0x35, 0x01, 0x7e, 0x00, 0x35, 0x01, 0x60, 0x00, 0x28, 
    0x02, 0x43, 0x00, 0x35, 0x01, 0x7e, 0x00, 0x35, 0x01, 0x7f, 0x00, 0x35, 
    0x01, 0x0c, 0x00, 0x35, 0x02, 0x1a, 0x00, 0x46, 0x01, 0xfc, 0x00, 0x26, 
    0x00, 0xeb, 0x00, 0x35, 0x01, 0x23, 0x00, 0x49, 0x01, 0x00, 0x00, 0x35, 
    0x01, 0x7d, 0x00, 0x39, 0x02, 0x32, 0x00, 0x35, 0x03, 0x3a, 0x00, 0x35, 
    0x03, 0x2c, 0x00, 0x35, 0x03, 0x64, 0x00, 0x35, 0x02, 0x29, 0x00, 0x28, 
    0x02, 0x5a, 0x00, 0x35, 0x02, 0x29, 0x00, 0x28, 0x02, 0x08, 0x00, 0x28, 
    0x03, 0x0c, 0x00, 0x32, 0x00, 0xcd, 0x00, 0x26, 0x00, 0xcd, 0x00, 0x26, 
    0x01, 0x3b, 0x00, 0x4c, 0x01, 0x79, 0x00, 0x0f, 0x01, 0x3b, 0x00, 0x21, 
    0x02, 0x28, 0x00, 0x35, 0x01, 0x8c, 0x00, 0x0a, 0x01, 0x0c, 0x00, 0x35, 
    0x01, 0x19, 0x00, 0x4c, 0x01, 0x2d, 0x00, 0x28, 0x02, 0x8f, 0x00, 0x26, 
    0x02, 0x52, 0x00, 0x28, 0x03, 0x9f, 0x00, 0x26, 0x02, 0xc1, 0x00, 0x26, 
    0x00, 0xa0, 0x00, 0x28, 0x01, 0x2c, 0x00, 0x32, 0x01, 0x2c, 0x00, 0x23, 
    0x01, 0xb1, 0x00, 0x44, 0x02, 0x5a, 0x00, 0x35, 0x00, 0xcd, 0x00, 0x26, 
    0x01, 0x70, 0x00, 0x26, 0x00, 0xcd, 0x00, 0x26, 0x01, 0x79, 0x00, 0x0f, 
    0x01, 0x3f, 0x00, 0x26, 0x00, 0xe9, 0x00, 0x4c, 0x01, 0x3f, 0x00, 0x22, 
    0x02, 0x2b, 0x00, 0x28, 0x01, 0x19, 0x00, 0x4c, 0x01, 0xf4, 0x00, 0x26, 
    0x02, 0x4a, 0x00, 0x46, 0x02, 0x44, 0x00, 0x35, 0x02, 0x53, 0x00, 0x0a, 
    0x00, 0xe9, 0x00, 0x4c, 0x02, 0x12, 0x00, 0x1f, 0x01, 0xa9, 0x00, 0x35, 
    0x03, 0x1e, 0x00, 0x35, 0x02, 0x08, 0x00, 0x31, 0x02, 0x55, 0x00, 0x4c, 
    0x03, 0xe6, 0x00, 0x0a, 0x01, 0x41, 0x00, 0x19, 0x01, 0xca, 0x00, 0x35, 
    0x02, 0x45, 0x00, 0x35, 0x02, 0x5a, 0x00, 0x35, 0x02, 0x43, 0x00, 0x35, 
    0x02, 0x43, 0x00, 0x35, 0x02, 0x31, 0x00, 0x35, 0x02, 0x4b, 0x00, 0x35, 
    0x02, 0x5a, 0x00, 0x35, 0x02, 0x56, 0x00, 0x0f, 0x00, 0xeb, 0x00, 0x35, 
    0x02, 0x46, 0x00, 0x35, 0x03, 0x05, 0x00, 0x35, 0x02, 0xaf, 0x00, 0x32, 
    0x02, 0x6e, 0x00, 0x35, 0x02, 0x46, 0x00, 0x35, 0x02, 0xf7, 0x00, 0x35, 
    0x02, 0x49, 0x00, 0x35, 0x02, 0x4f, 0x00, 0x14, 0x01, 0x9e, 0x00, 0x35, 
    0x01, 0xb3, 0x00, 0x35, 0x01, 0xe0, 0x00, 0x29, 0x03, 0x20, 0x00, 0x29, 
    0x03, 0x50, 0x00, 0x35, 0x01, 0xc2, 0x00, 0x35, 0x02, 0x3d, 0x00, 0x14, 
    0x00, 0xed, 0x00, 0x0f, 0x02, 0x28, 0x00, 0x26, 0x02, 0xd7, 0x00, 0x32, 
    0x02, 0x40, 0x00, 0x4c, 0x03, 0x6a, 0x00, 0x26, 0x02, 0x37, 0x00, 0x26, 
    0x02, 0x36, 0x00, 0x46, 0x02, 0x10, 0x00, 0x35, 0x02, 0x5a, 0x00, 0x35, 
    0x04, 0x1c, 0x00, 0x32, 0x03, 0x9f, 0x00, 0x26, 0x02, 0x72, 0x00, 0x0a, 
    0x02, 0x72, 0x00, 0x0a, 0x02, 0x72, 0x00, 0x0a, 0x02, 0x72, 0x00, 0x0a, 
    0x02, 0x72, 0x00, 0x0a, 0x02, 0x72, 0x00, 0x0a, 0x02, 0x72, 0x00, 0x0a, 
    0x02, 0x0e, 0x00, 0x26, 0x02, 0x0e, 0x00, 0x26, 0x02, 0x0e, 0x00, 0x26, 
    0x02, 0x0e, 0x00, 0x26, 0x02, 0x0e, 0x00, 0x26, 0x02, 0x0e, 0x00, 0x26, 
    0x02, 0x0e, 0x00, 0x26, 0x02, 0x90, 0x00, 0x32, 0x01, 0xf4, 0x00, 0x26, 
    0x02, 0x37, 0x00, 0x4c, 0x02, 0x37, 0x00, 0x4c, 0x02, 0x37, 0x00, 0x4c, 
    0x02, 0x37, 0x00, 0x4c, 0x02, 0x1b, 0x00, 0x26, 0x02, 0x1b, 0x00, 0x26, 
    0x02, 0x1b, 0x00, 0x26, 0x02, 0x1b, 0x00, 0x26, 0x01, 0x9e, 0x00, 0x42, 
    0x01, 0x9e, 0x00, 0x42, 0x01, 0x9e, 0x00, 0x2d, 0x01, 0x9e, 0x00, 0x2f, 
    0x01, 0x16, 0x00, 0x1a, 0x01, 0x16, 0x00, 0x2d, 0x01, 0x16, 0xff, 0xe4, 
    0x01, 0x16, 0xff, 0xe6, 0x02, 0xb1, 0x00, 0x4c, 0x02, 0xd7, 0x00, 0x32, 
    0x02, 0xd7, 0x00, 0x32, 0x02, 0xd7, 0x00, 0x32, 0x02, 0xd7, 0x00, 0x32, 
    0x02, 0xd7, 0x00, 0x32, 0x02, 0xb2, 0x00, 0x4c, 0x02, 0xb2, 0x00, 0x4c, 
    0x02, 0xb2, 0x00, 0x4c, 0x02, 0xb2, 0x00, 0x4c, 0x02, 0x53, 0x00, 0x0a, 
    0x02, 0x22, 0x00, 0x46, 0x02, 0x28, 0x00, 0x26, 0x02, 0x28, 0x00, 0x26, 
    0x02, 0x28, 0x00, 0x26, 0x02, 0x28, 0x00, 0x26, 0x02, 0x28, 0x00, 0x26, 
    0x02, 0x18, 0x00, 0x44, 0x02, 0x18, 0x00, 0x44, 0x02, 0x18, 0x00, 0x44, 
    0x02, 0x18, 0x00, 0x44, 0x01, 0xad, 0x00, 0x00, 0x01, 0xad, 0x00, 0x00, 
    0x02, 0x54, 0x00, 0x28, 0x01, 0xd7, 0x00, 0x1f, 0x02, 0x53, 0x00, 0x0a, 
    0x02, 0x5f, 0x00, 0x2c, 0x01, 0xcc, 0x00, 0x28, 0x02, 0xc8, 0x00, 0x14, 
    0x02, 0x7f, 0x00, 0x38, 0x02, 0x7f, 0x00, 0x6d, 0x02, 0x7f, 0x00, 0x4f, 
    0x02, 0x7f, 0x00, 0x54, 0x02, 0x7f, 0x00, 0x33, 0x02, 0x7f, 0x00, 0x56, 
    0x02, 0x7f, 0x00, 0x51, 0x02, 0x7f, 0x00, 0x59, 0x02, 0x7f, 0x00, 0x48, 
    0x02, 0x7f, 0x00, 0x51, 0x02, 0x72, 0x00, 0x0a, 0x02, 0x0e, 0x00, 0x26, 
    0x02, 0x72, 0x00, 0x0a, 0x02, 0x0e, 0x00, 0x26, 0x02, 0x37, 0x00, 0x4c, 
    0x02, 0x1b, 0x00, 0x26, 0x02, 0x37, 0x00, 0x4c, 0x02, 0x1b, 0x00, 0x26, 
    0x02, 0x37, 0x00, 0x4c, 0x02, 0x1b, 0x00, 0x26, 0x02, 0x37, 0x00, 0x4c, 
    0x02, 0x1b, 0x00, 0x26, 0x02, 0xd7, 0x00, 0x32, 0x02, 0x28, 0x00, 0x26, 
    0x01, 0x9e, 0x00, 0x42, 0x01, 0x16, 0xff, 0xfc, 0x01, 0x9e, 0x00, 0x42, 
    0x01, 0x16, 0x00, 0x22, 0x02, 0x90, 0x00, 0x32, 0x01, 0xf4, 0x00, 0x26, 
    0x02, 0x90, 0x00, 0x32, 0x01, 0xf4, 0x00, 0x26, 0x02, 0x54, 0x00, 0x28, 
    0x01, 0xd7, 0x00, 0x1f, 0x02, 0xb2, 0x00, 0x4c, 0x02, 0x18, 0x00, 0x44, 
    0x02, 0xb2, 0x00, 0x4c, 0x02, 0x18, 0x00, 0x44, 0x02, 0xb2, 0x00, 0x4c, 
    0x02, 0x18, 0x00, 0x44, 0x02, 0xb2, 0x00, 0x4c, 0x02, 0x18, 0x00, 0x44, 
    0x02, 0xb1, 0x00, 0x4c, 0x02, 0x22, 0x00, 0x46, 0x02, 0xb1, 0x00, 0x4c, 
    0x02, 0x22, 0x00, 0x46, 0x02, 0x5f, 0x00, 0x2c, 0x01, 0xcc, 0x00, 0x28, 
    0x02, 0x5f, 0x00, 0x2c, 0x01, 0xcc, 0x00, 0x28, 0x02, 0xc6, 0x00, 0x0a, 
    0x02, 0x45, 0x00, 0x14, 0x02, 0xc6, 0x00, 0x32, 0x02, 0x30, 0x00, 0x26, 
    0x02, 0xc6, 0x00, 0x32, 0x02, 0x30, 0x00, 0x26, 0x02, 0x30, 0x00, 0x26, 
    0x02, 0x1b, 0x00, 0x4c, 0x00, 0xef, 0x00, 0x37, 0x02, 0x2e, 0x00, 0x0a, 
    0x00, 0xef, 0x00, 0x46, 0x02, 0x1b, 0x00, 0x4c, 0x01, 0x44, 0x00, 0x14, 
    0x02, 0xb1, 0x00, 0x4c, 0x02, 0x22, 0x00, 0x46, 0x02, 0x6a, 0x00, 0x4c, 
    0x01, 0x54, 0x00, 0x46, 0x02, 0x6a, 0x00, 0x4c, 0x01, 0x54, 0x00, 0x25, 
    0x02, 0xc8, 0x00, 0x14, 0x02, 0x5b, 0x00, 0x26, 0x02, 0xa1, 0x00, 0x4c, 
    0x02, 0x3d, 0x00, 0x26, 0x02, 0x73, 0x00, 0x4c, 0x01, 0xea, 0x00, 0x46, 
    0x02, 0xc6, 0x00, 0x32, 0x02, 0x90, 0x00, 0x32, 0x01, 0xf4, 0x00, 0x26, 
    0x02, 0x54, 0x00, 0x28, 0x01, 0xd7, 0x00, 0x1f, 0x02, 0x54, 0x00, 0x28, 
    0x02, 0x2e, 0x00, 0x0a, 0x02, 0x2e, 0x00, 0x0a, 0x00, 0x00, 0x00, 0x00, 
    0x00, 0x00, 0x00, 0x00, 0x00, 0x00, 0x00, 0x00, 0x00, 0x00, 0x00, 0x00, 
    0x00, 0x8c, 0x00, 0x14, 0x00, 0x00, 0x00, 0x00, 0x00, 0x00, 0x00, 0x14, 
    0x00, 0x00, 0x00, 0x00, 0x00, 0x00, 0x00, 0x00, 0x00, 0x00, 0x00, 0x00, 
    0x00, 0x00, 0x00, 0x00, 0x00, 0x00, 0x00, 0x00, 0x00, 0x00, 0x00, 0x00, 
    0x00, 0x00, 0x00, 0x00, 0x00, 0x00, 0x00, 0x00, 0x00, 0x00, 0x00, 0x00, 
    0x02, 0x98, 0x00, 0x0f, 0x01, 0x9c, 0x00, 0x28, 0x00, 0x00, 0x00, 0x00, 
    0x00, 0x00, 0x00, 0x00, 0x00, 0x00, 0x00, 0x00, 0x00, 0x00, 0x00, 0x00, 
    0x01, 0x16, 0x00, 0x2d, 0x00, 0x00, 0x00, 0x00, 0x00, 0x00, 0x00, 0x00, 
    0x02, 0x2b, 0x00, 0x46, 0x00, 0x00, 0x00, 0x00, 0x00, 0x00, 0x00, 0x00, 
    0x00, 0x00, 0x00, 0x00, 0x00, 0x00, 0x00, 0x00, 0x01, 0xd7, 0x00, 0x1f, 
    0x01, 0x5c, 0x00, 0x26, 0x01, 0x44, 0x00, 0x14, 0x01, 0x44, 0x00, 0x14, 
    0x01, 0x44, 0x00, 0x14, 0x00, 0x00, 0x00, 0x00, 0x00, 0x00, 0x00, 0x00, 
    0xb8, 0x01, 0xff, 0x85, 0xb0, 0x04, 0x8d, 0x00, 0x00, 0x00, 0x00, 0x01, 
    0x00, 0x00, 0x00, 0x00, 
};

static const size_t WATCH_FONT_DATA_SIZE = 29752U;

#endif
